CREATE DATABASE  IF NOT EXISTS `online_aucdb` /*!40100 DEFAULT CHARACTER SET utf8mb4 COLLATE utf8mb4_0900_ai_ci */ /*!80016 DEFAULT ENCRYPTION='N' */;
USE `online_aucdb`;
-- MySQL dump 10.13  Distrib 8.0.18, for Win64 (x86_64)
--
-- Host: localhost    Database: online_aucdb
-- ------------------------------------------------------
-- Server version	8.0.18

/*!40101 SET @OLD_CHARACTER_SET_CLIENT=@@CHARACTER_SET_CLIENT */;
/*!40101 SET @OLD_CHARACTER_SET_RESULTS=@@CHARACTER_SET_RESULTS */;
/*!40101 SET @OLD_COLLATION_CONNECTION=@@COLLATION_CONNECTION */;
/*!50503 SET NAMES utf8 */;
/*!40103 SET @OLD_TIME_ZONE=@@TIME_ZONE */;
/*!40103 SET TIME_ZONE='+00:00' */;
/*!40014 SET @OLD_UNIQUE_CHECKS=@@UNIQUE_CHECKS, UNIQUE_CHECKS=0 */;
/*!40014 SET @OLD_FOREIGN_KEY_CHECKS=@@FOREIGN_KEY_CHECKS, FOREIGN_KEY_CHECKS=0 */;
/*!40101 SET @OLD_SQL_MODE=@@SQL_MODE, SQL_MODE='NO_AUTO_VALUE_ON_ZERO' */;
/*!40111 SET @OLD_SQL_NOTES=@@SQL_NOTES, SQL_NOTES=0 */;

--
-- Table structure for table `autobid`
--

DROP TABLE IF EXISTS `autobid`;
/*!40101 SET @saved_cs_client     = @@character_set_client */;
/*!50503 SET character_set_client = utf8mb4 */;
CREATE TABLE `autobid` (
  `UserID` int(30) NOT NULL,
  `ProID` int(30) NOT NULL,
  `CurrPrice` int(30) DEFAULT NULL,
  `MaxPrice` int(30) DEFAULT NULL,
  `UserName` varchar(45) DEFAULT NULL,
  PRIMARY KEY (`UserID`,`ProID`)
) ENGINE=InnoDB DEFAULT CHARSET=utf8mb4 COLLATE=utf8mb4_0900_ai_ci;
/*!40101 SET character_set_client = @saved_cs_client */;

--
-- Dumping data for table `autobid`
--

LOCK TABLES `autobid` WRITE;
/*!40000 ALTER TABLE `autobid` DISABLE KEYS */;
INSERT INTO `autobid` VALUES (42,2160,NULL,60000000,NULL),(42,2161,NULL,30390000,NULL),(42,2162,NULL,32990006,NULL),(42,2163,NULL,3000061,'bidder1'),(42,2164,NULL,6000000,'bidder1'),(44,2161,NULL,63590000,NULL),(44,2162,NULL,123123,NULL),(44,2167,NULL,9400000,'bidder2'),(45,2163,NULL,3000060,'bidder3');
/*!40000 ALTER TABLE `autobid` ENABLE KEYS */;
UNLOCK TABLES;

--
-- Table structure for table `bannedlist`
--

DROP TABLE IF EXISTS `bannedlist`;
/*!40101 SET @saved_cs_client     = @@character_set_client */;
/*!50503 SET character_set_client = utf8mb4 */;
CREATE TABLE `bannedlist` (
  `id` int(11) NOT NULL AUTO_INCREMENT,
  `userid` int(11) DEFAULT NULL,
  `proid` int(11) DEFAULT NULL,
  PRIMARY KEY (`id`)
) ENGINE=InnoDB AUTO_INCREMENT=14 DEFAULT CHARSET=utf8mb4 COLLATE=utf8mb4_0900_ai_ci;
/*!40101 SET character_set_client = @saved_cs_client */;

--
-- Dumping data for table `bannedlist`
--

LOCK TABLES `bannedlist` WRITE;
/*!40000 ALTER TABLE `bannedlist` DISABLE KEYS */;
INSERT INTO `bannedlist` VALUES (12,44,2168),(13,44,2167);
/*!40000 ALTER TABLE `bannedlist` ENABLE KEYS */;
UNLOCK TABLES;

--
-- Table structure for table `bidding_log`
--

DROP TABLE IF EXISTS `bidding_log`;
/*!40101 SET @saved_cs_client     = @@character_set_client */;
/*!50503 SET character_set_client = utf8mb4 */;
CREATE TABLE `bidding_log` (
  `LogID` int(11) NOT NULL AUTO_INCREMENT,
  `UserID` int(11) NOT NULL,
  `ProID` varchar(25) DEFAULT NULL,
  `Price` int(11) DEFAULT NULL,
  `BidTime` datetime DEFAULT CURRENT_TIMESTAMP,
  `UserName` varchar(45) DEFAULT NULL,
  PRIMARY KEY (`LogID`)
) ENGINE=InnoDB AUTO_INCREMENT=359 DEFAULT CHARSET=utf8mb4 COLLATE=utf8mb4_0900_ai_ci;
/*!40101 SET character_set_client = @saved_cs_client */;

--
-- Dumping data for table `bidding_log`
--

LOCK TABLES `bidding_log` WRITE;
/*!40000 ALTER TABLE `bidding_log` DISABLE KEYS */;
INSERT INTO `bidding_log` VALUES (251,42,'2158',4590000,'2020-01-07 03:17:27','bidder1'),(252,42,'2160',35980000,'2020-01-07 03:40:33','bidder1'),(253,44,'2160',36970000,'2020-01-07 03:47:27','bidder2'),(254,42,'2160',45000000,'2020-01-07 03:48:19','bidder1'),(255,44,'2160',45990000,'2020-01-07 03:48:51','bidder2'),(256,42,'2160',46980000,'2020-01-07 03:49:14','bidder1'),(257,44,'2160',47970000,'2020-01-07 03:49:25','bidder2'),(258,44,'2160',48960000,'2020-01-07 03:50:21','bidder2'),(259,42,'2160',49950000,'2020-01-07 03:53:46','bidder1'),(260,42,'2160',50940000,'2020-01-07 03:56:42','bidder1'),(261,42,'2160',51930000,'2020-01-07 03:58:03',NULL),(262,42,'2160',52920000,'2020-01-07 03:58:36','bidder1'),(263,42,'2160',53910000,'2020-01-07 03:58:36','bidder1'),(264,44,'2161',23190000,'2020-01-07 04:09:19','bidder2'),(265,42,'2161',23390000,'2020-01-07 04:09:37',NULL),(266,44,'2161',23590000,'2020-01-07 04:11:40',NULL),(267,44,'2161',23790000,'2020-01-07 04:24:55','bidder2'),(268,42,'2161',23990000,'2020-01-07 04:24:55','bidder2'),(269,44,'2162',22990003,'2020-01-07 04:25:05','bidder2'),(270,42,'2162',22990006,'2020-01-07 04:25:20',NULL),(271,42,'2162',22990009,'2020-01-07 04:28:20','bidder1'),(272,42,'2162',22990012,'2020-01-07 04:28:20','bidder1'),(273,42,'2162',22990015,'2020-01-07 04:28:28','bidder1'),(274,42,'2162',22990018,'2020-01-07 04:28:28','bidder1'),(275,42,'2162',22990021,'2020-01-07 04:28:40','bidder1'),(276,42,'2162',22990024,'2020-01-07 04:28:40','bidder1'),(277,44,'2162',22990027,'2020-01-07 04:28:55','bidder2'),(278,42,'2162',22990030,'2020-01-07 04:28:55','bidder2'),(279,44,'2162',22990033,'2020-01-07 04:29:17','bidder2'),(280,42,'2162',22990036,'2020-01-07 04:29:17','bidder2'),(281,44,'2162',22990039,'2020-01-07 04:29:38','bidder2'),(282,42,'2162',22990042,'2020-01-07 04:29:38','bidder2'),(283,44,'2162',22990045,'2020-01-07 04:30:51',NULL),(284,44,'2162',22990048,'2020-01-07 04:32:33','bidder2'),(285,42,'2162',22990051,'2020-01-07 04:32:53','bidder1'),(286,42,'2162',22990054,'2020-01-07 04:32:53','bidder1'),(287,44,'2162',22990057,'2020-01-07 04:33:15','bidder2'),(288,42,'2162',22990060,'2020-01-07 04:33:15','bidder2'),(289,44,'2162',22990063,'2020-01-07 04:33:19','bidder2'),(290,42,'2162',22990066,'2020-01-07 04:33:19','bidder2'),(291,44,'2162',22990069,'2020-01-07 04:33:25','bidder2'),(292,42,'2162',22990072,'2020-01-07 04:33:25','bidder2'),(293,42,'2163',1000020,'2020-01-07 04:39:04','bidder1'),(294,44,'2163',1000040,'2020-01-07 04:39:17','bidder2'),(295,42,'2163',1000060,'2020-01-07 04:39:31','bidder1'),(296,44,'2163',1000080,'2020-01-07 04:40:37','bidder2'),(297,42,'2163',1000100,'2020-01-07 04:40:37','bidder2'),(298,44,'2163',1000120,'2020-01-07 04:40:55','bidder2'),(299,42,'2163',1000140,'2020-01-07 04:40:55','bidder2'),(300,44,'2163',1000160,'2020-01-07 04:40:58','bidder2'),(301,42,'2163',1000180,'2020-01-07 04:40:58','bidder2'),(302,44,'2163',1000200,'2020-01-07 04:41:02','bidder2'),(303,42,'2163',1000220,'2020-01-07 04:41:02','bidder2'),(304,44,'2163',1000240,'2020-01-07 04:41:52','bidder2'),(305,42,'2163',1000260,'2020-01-07 04:41:52','bidder2'),(306,44,'2163',1000280,'2020-01-07 04:41:58','bidder2'),(307,42,'2163',1000300,'2020-01-07 04:41:58','bidder2'),(308,44,'2163',1000320,'2020-01-07 04:42:03','bidder2'),(309,42,'2163',1000340,'2020-01-07 04:42:03','bidder2'),(310,44,'2163',1000360,'2020-01-07 04:43:50','bidder2'),(311,42,'2163',1000380,'2020-01-07 04:43:50','bidder2'),(312,44,'2163',1000400,'2020-01-07 04:43:56','bidder2'),(313,42,'2163',1000420,'2020-01-07 04:43:56','bidder2'),(314,44,'2163',1000440,'2020-01-07 04:54:03','bidder2'),(315,42,'2163',1000460,'2020-01-07 04:54:03','bidder2'),(316,44,'2163',1000480,'2020-01-07 04:58:08','bidder2'),(317,42,'2163',1000500,'2020-01-07 04:58:08','bidder 1'),(318,44,'2163',1000520,'2020-01-07 04:58:16','bidder2'),(319,42,'2163',1000540,'2020-01-07 04:58:16','bidder 1'),(320,45,'2163',1000560,'2020-01-07 05:05:15','bidder3'),(321,42,'2163',1000580,'2020-01-07 05:05:34','bidder1'),(322,42,'2163',1000600,'2020-01-07 05:05:34','bidder 1'),(323,42,'2163',1000620,'2020-01-07 05:06:52','bidder1'),(324,45,'2163',1000640,'2020-01-07 05:06:52','bidder3'),(325,42,'2163',1000660,'2020-01-07 05:06:58','bidder1'),(326,45,'2163',1000680,'2020-01-07 05:06:58','bidder3'),(327,42,'2163',1000700,'2020-01-07 05:16:41','bidder1'),(328,45,'2164',5100000,'2020-01-07 05:24:29','bidder3'),(329,42,'2163',1000720,'2020-01-07 05:24:39','bidder1'),(330,42,'2163',1000740,'2020-01-07 05:24:39','bidder1'),(331,42,'2164',5200000,'2020-01-07 05:24:55','bidder1'),(332,45,'2164',5300000,'2020-01-07 05:25:17','bidder3'),(333,42,'2164',5400000,'2020-01-07 05:25:35','bidder1'),(334,45,'2164',5500000,'2020-01-07 05:25:49','bidder3'),(335,42,'2164',5600000,'2020-01-07 05:25:49','bidder1'),(336,45,'2164',5700000,'2020-01-07 05:26:02','bidder3'),(337,42,'2164',5800000,'2020-01-07 05:26:02','bidder1'),(338,45,'2164',5900000,'2020-01-07 05:26:06','bidder3'),(339,42,'2164',6000000,'2020-01-07 05:26:06','bidder1'),(340,45,'2164',6100000,'2020-01-07 05:26:11','bidder3'),(341,45,'2164',6200000,'2020-01-07 05:26:17','bidder3'),(342,42,'2164',6300000,'2020-01-07 05:35:47','bidder1'),(343,42,'2164',6400000,'2020-01-07 05:44:36','bidder1'),(344,42,'2164',6500000,'2020-01-07 06:50:34','bidder1'),(345,45,'2164',6600000,'2020-01-07 06:51:04','bidder3'),(346,42,'2167',4200000,'2020-01-07 08:13:26','bidder1'),(347,44,'2167',4400000,'2020-01-07 08:13:49','bidder2'),(348,42,'2167',4600000,'2020-01-07 08:13:59','bidder1'),(349,44,'2167',4800000,'2020-01-07 08:13:59','bidder2'),(350,44,'2168',4200000,'2020-01-07 08:40:58','bidder2'),(351,44,'2168',4400000,'2020-01-07 08:41:26','bidder2'),(352,42,'2175',4100000,'2020-01-07 09:53:20','bidder1'),(353,42,'2171',4200000,'2020-01-07 10:29:49','bidder1'),(354,42,'2167',5000000,'2020-01-07 10:32:34','bidder1'),(355,44,'2167',5200000,'2020-01-07 10:32:34','bidder2'),(356,42,'2167',5400000,'2020-01-07 10:33:19','bidder1'),(357,44,'2167',5600000,'2020-01-07 10:33:19','bidder2'),(358,42,'2168',4600000,'2020-01-10 00:16:20','bidder1');
/*!40000 ALTER TABLE `bidding_log` ENABLE KEYS */;
UNLOCK TABLES;
/*!50003 SET @saved_cs_client      = @@character_set_client */ ;
/*!50003 SET @saved_cs_results     = @@character_set_results */ ;
/*!50003 SET @saved_col_connection = @@collation_connection */ ;
/*!50003 SET character_set_client  = utf8mb4 */ ;
/*!50003 SET character_set_results = utf8mb4 */ ;
/*!50003 SET collation_connection  = utf8mb4_0900_ai_ci */ ;
/*!50003 SET @saved_sql_mode       = @@sql_mode */ ;
/*!50003 SET sql_mode              = 'STRICT_TRANS_TABLES,NO_ENGINE_SUBSTITUTION' */ ;
DELIMITER ;;
/*!50003 CREATE*/ /*!50017 DEFINER=`root`@`localhost`*/ /*!50003 TRIGGER `updatePrice` AFTER INSERT ON `bidding_log` FOR EACH ROW update products
set Price=NEW.Price
where ProID=NEW.ProID and NEW.Price>Price */;;
DELIMITER ;
/*!50003 SET sql_mode              = @saved_sql_mode */ ;
/*!50003 SET character_set_client  = @saved_cs_client */ ;
/*!50003 SET character_set_results = @saved_cs_results */ ;
/*!50003 SET collation_connection  = @saved_col_connection */ ;
/*!50003 SET @saved_cs_client      = @@character_set_client */ ;
/*!50003 SET @saved_cs_results     = @@character_set_results */ ;
/*!50003 SET @saved_col_connection = @@collation_connection */ ;
/*!50003 SET character_set_client  = utf8mb4 */ ;
/*!50003 SET character_set_results = utf8mb4 */ ;
/*!50003 SET collation_connection  = utf8mb4_0900_ai_ci */ ;
/*!50003 SET @saved_sql_mode       = @@sql_mode */ ;
/*!50003 SET sql_mode              = 'STRICT_TRANS_TABLES,NO_ENGINE_SUBSTITUTION' */ ;
DELIMITER ;;
/*!50003 CREATE*/ /*!50017 DEFINER=`root`@`localhost`*/ /*!50003 TRIGGER `updateNumberBid` AFTER INSERT ON `bidding_log` FOR EACH ROW update products
set NumberBid= (select count(*) from bidding_log where ProID=NEW.ProID)
where ProID=NEW.ProID */;;
DELIMITER ;
/*!50003 SET sql_mode              = @saved_sql_mode */ ;
/*!50003 SET character_set_client  = @saved_cs_client */ ;
/*!50003 SET character_set_results = @saved_cs_results */ ;
/*!50003 SET collation_connection  = @saved_col_connection */ ;
/*!50003 SET @saved_cs_client      = @@character_set_client */ ;
/*!50003 SET @saved_cs_results     = @@character_set_results */ ;
/*!50003 SET @saved_col_connection = @@collation_connection */ ;
/*!50003 SET character_set_client  = utf8mb4 */ ;
/*!50003 SET character_set_results = utf8mb4 */ ;
/*!50003 SET collation_connection  = utf8mb4_0900_ai_ci */ ;
/*!50003 SET @saved_sql_mode       = @@sql_mode */ ;
/*!50003 SET sql_mode              = 'STRICT_TRANS_TABLES,NO_ENGINE_SUBSTITUTION' */ ;
DELIMITER ;;
/*!50003 CREATE*/ /*!50017 DEFINER=`root`@`localhost`*/ /*!50003 TRIGGER `updateWiner` AFTER INSERT ON `bidding_log` FOR EACH ROW update products
set WinerID=(SELECT UserID from bidding_log where (Price=(select max(price) from bidding_log where ProID=NEW.ProID) and ProID=NEW.ProID))
where ProID=NEW.ProID */;;
DELIMITER ;
/*!50003 SET sql_mode              = @saved_sql_mode */ ;
/*!50003 SET character_set_client  = @saved_cs_client */ ;
/*!50003 SET character_set_results = @saved_cs_results */ ;
/*!50003 SET collation_connection  = @saved_col_connection */ ;
/*!50003 SET @saved_cs_client      = @@character_set_client */ ;
/*!50003 SET @saved_cs_results     = @@character_set_results */ ;
/*!50003 SET @saved_col_connection = @@collation_connection */ ;
/*!50003 SET character_set_client  = utf8mb4 */ ;
/*!50003 SET character_set_results = utf8mb4 */ ;
/*!50003 SET collation_connection  = utf8mb4_0900_ai_ci */ ;
/*!50003 SET @saved_sql_mode       = @@sql_mode */ ;
/*!50003 SET sql_mode              = 'STRICT_TRANS_TABLES,NO_ENGINE_SUBSTITUTION' */ ;
DELIMITER ;;
/*!50003 CREATE*/ /*!50017 DEFINER=`root`@`localhost`*/ /*!50003 TRIGGER `updateNameWiner` AFTER INSERT ON `bidding_log` FOR EACH ROW update products
set WinerUserName=(SELECT UserName from bidding_log where (Price=(select max(price) from bidding_log where ProID=NEW.ProID) and ProID=NEW.ProID))
where ProID=NEW.ProID */;;
DELIMITER ;
/*!50003 SET sql_mode              = @saved_sql_mode */ ;
/*!50003 SET character_set_client  = @saved_cs_client */ ;
/*!50003 SET character_set_results = @saved_cs_results */ ;
/*!50003 SET collation_connection  = @saved_col_connection */ ;

--
-- Table structure for table `categories`
--

DROP TABLE IF EXISTS `categories`;
/*!40101 SET @saved_cs_client     = @@character_set_client */;
/*!50503 SET character_set_client = utf8mb4 */;
CREATE TABLE `categories` (
  `CatID` int(11) NOT NULL AUTO_INCREMENT,
  `CatName` varchar(45) DEFAULT NULL,
  PRIMARY KEY (`CatID`)
) ENGINE=InnoDB AUTO_INCREMENT=40 DEFAULT CHARSET=utf8mb4 COLLATE=utf8mb4_0900_ai_ci;
/*!40101 SET character_set_client = @saved_cs_client */;

--
-- Dumping data for table `categories`
--

LOCK TABLES `categories` WRITE;
/*!40000 ALTER TABLE `categories` DISABLE KEYS */;
INSERT INTO `categories` VALUES (2,'Điện thoại'),(3,'Máy tính bảng'),(5,'Tivi'),(35,'Guitar'),(38,'Giày');
/*!40000 ALTER TABLE `categories` ENABLE KEYS */;
UNLOCK TABLES;

--
-- Table structure for table `endtime`
--

DROP TABLE IF EXISTS `endtime`;
/*!40101 SET @saved_cs_client     = @@character_set_client */;
/*!50503 SET character_set_client = utf8mb4 */;
CREATE TABLE `endtime` (
  `ProID` int(11) NOT NULL AUTO_INCREMENT,
  `endtime` datetime DEFAULT CURRENT_TIMESTAMP,
  PRIMARY KEY (`ProID`)
) ENGINE=InnoDB AUTO_INCREMENT=2176 DEFAULT CHARSET=utf8mb4 COLLATE=utf8mb4_0900_ai_ci;
/*!40101 SET character_set_client = @saved_cs_client */;

--
-- Dumping data for table `endtime`
--

LOCK TABLES `endtime` WRITE;
/*!40000 ALTER TABLE `endtime` DISABLE KEYS */;
INSERT INTO `endtime` VALUES (2157,'2020-01-07 03:42:23'),(2158,'2020-01-07 03:45:15'),(2159,'2020-01-07 04:00:47'),(2160,'2020-01-07 04:08:07'),(2161,'2020-01-07 04:38:35'),(2162,'2020-01-07 09:24:16'),(2163,'2020-01-07 09:38:27'),(2164,'2020-01-07 10:23:20'),(2165,'2020-01-07 11:28:30'),(2166,'2020-01-07 11:31:53'),(2167,'2020-01-07 13:12:25'),(2168,'2020-01-11 08:34:56'),(2169,'2020-01-11 08:45:26'),(2170,'2020-01-11 08:48:10'),(2171,'2020-01-11 08:52:01'),(2172,'2020-01-11 08:53:51'),(2173,'2020-01-11 08:55:46'),(2174,'2020-01-11 09:40:37'),(2175,'2020-01-11 09:51:30');
/*!40000 ALTER TABLE `endtime` ENABLE KEYS */;
UNLOCK TABLES;

--
-- Table structure for table `feedback`
--

DROP TABLE IF EXISTS `feedback`;
/*!40101 SET @saved_cs_client     = @@character_set_client */;
/*!50503 SET character_set_client = utf8mb4 */;
CREATE TABLE `feedback` (
  `id` int(11) NOT NULL AUTO_INCREMENT,
  `content` longtext,
  `FBerID` int(11) DEFAULT NULL,
  `FBtoID` int(11) DEFAULT NULL,
  `ProID` int(11) DEFAULT NULL,
  PRIMARY KEY (`id`)
) ENGINE=InnoDB AUTO_INCREMENT=51 DEFAULT CHARSET=utf8mb4 COLLATE=utf8mb4_0900_ai_ci;
/*!40101 SET character_set_client = @saved_cs_client */;

--
-- Dumping data for table `feedback`
--

LOCK TABLES `feedback` WRITE;
/*!40000 ALTER TABLE `feedback` DISABLE KEYS */;
INSERT INTO `feedback` VALUES (45,'Like ne',42,43,2158),(46,'ban khong duoc',42,43,2164),(47,'like cho seller',42,43,2167),(48,'like phat nua',42,43,2167),(49,'cho 1 like',43,42,2158),(50,'like',43,45,2164);
/*!40000 ALTER TABLE `feedback` ENABLE KEYS */;
UNLOCK TABLES;

--
-- Table structure for table `products`
--

DROP TABLE IF EXISTS `products`;
/*!40101 SET @saved_cs_client     = @@character_set_client */;
/*!50503 SET character_set_client = utf8mb4 */;
CREATE TABLE `products` (
  `ProID` int(11) NOT NULL AUTO_INCREMENT,
  `ProName` varchar(45) DEFAULT NULL,
  `TinyDes` varchar(100) DEFAULT NULL,
  `FullDes` longtext,
  `Price` int(11) DEFAULT NULL,
  `CatID` int(11) DEFAULT NULL,
  `Quantity` int(11) DEFAULT NULL,
  `PriceToBuy` int(11) DEFAULT NULL,
  `CreatedDTime` timestamp NULL DEFAULT CURRENT_TIMESTAMP,
  `SellerID` int(11) DEFAULT NULL,
  `WinerID` int(11) DEFAULT NULL,
  `isDelay` varchar(1) DEFAULT NULL,
  `Step` int(11) DEFAULT NULL,
  `NumberBid` int(15) DEFAULT NULL,
  `WinerUserName` varchar(45) DEFAULT NULL,
  `Endtime` datetime DEFAULT NULL,
  PRIMARY KEY (`ProID`),
  KEY `Pro_Seller_idx` (`SellerID`),
  KEY `Pro_Winner_idx` (`WinerID`),
  CONSTRAINT `Pro_Seller` FOREIGN KEY (`SellerID`) REFERENCES `user` (`f_ID`),
  CONSTRAINT `Pro_Winner` FOREIGN KEY (`WinerID`) REFERENCES `user` (`f_ID`)
) ENGINE=InnoDB AUTO_INCREMENT=2176 DEFAULT CHARSET=utf8mb4 COLLATE=utf8mb4_0900_ai_ci;
/*!40101 SET character_set_client = @saved_cs_client */;

--
-- Dumping data for table `products`
--

LOCK TABLES `products` WRITE;
/*!40000 ALTER TABLE `products` DISABLE KEYS */;
INSERT INTO `products` VALUES (2158,'Điện thoại OPPO A5 (2020) 64GB','Màn hình:TFT, 6.5\", HD+','7/1/2020\n\n<h3>Ra mắt sau khoảng 1 th&aacute;ng so với đ&agrave;n anh OPPO A9 2020,&nbsp;<a title=\"OPPO A5 2020\" href=\"https://www.dienmayxanh.com/dien-thoai/oppo-a5-2020\">OPPO A5 2020 64GB</a>&nbsp;tuy kh&ocirc;ng sở hữu th&ocirc;ng số camera khủng nhưng vẫn được trang bị cụm 4 camera, chip Snapdragon 665 mới v&agrave; cấu h&igrave;nh kh&aacute; mượt m&agrave;.</h3>\r\n<h3>Phi&ecirc;n bản r&uacute;t gọn của OPPO A9 2020</h3>\r\n<p>OPPO A5 2020 l&agrave; phi&ecirc;n bản r&uacute;t gọn ho&agrave;n hảo của chiếc&nbsp;<a title=\"smartphone\" href=\"https://www.dienmayxanh.com/dien-thoai\">smartphone</a>&nbsp;A9 2020 rất th&agrave;nh c&ocirc;ng mới đ&acirc;y của&nbsp;<a title=\"OPPO\" href=\"https://www.dienmayxanh.com/dien-thoai-oppo\">OPPO</a>. Giữ nguy&ecirc;n thiết kế v&agrave; nhiều t&iacute;nh năng quan trọng, A5 2020 ph&ugrave; hợp hơn cho c&aacute;c kh&aacute;ch h&agrave;ng sinh vi&ecirc;n, học sinh, người c&oacute; thu nhập thấp.</p>\r\n<p><img class=\"lazy\" title=\"OPPO A5 (2020) 64GB | Tổng quan thiết kế\" src=\"https://cdn.tgdd.vn/Products/Images/42/210441/oppo-a5-2020-15.jpg\" alt=\"OPPO A5 (2020) 64GB | Tổng quan thiết kế\" data-src=\"https://cdn.tgdd.vn/Products/Images/42/210441/oppo-a5-2020-15.jpg\" /></p>\r\n<h3>Thiết kế thời trang, m&agrave;n h&igrave;nh giọt nước</h3>\r\n<p>Đường n&eacute;t thiết kế thừa hưởng từ thế hệ OPPO F11 v&agrave; Reno ra mắt gần đ&acirc;y mang đến cho OPPO A5 2020 vẻ đẹp ấn tượng, trẻ trung v&agrave; kh&ocirc;ng k&eacute;m phần thời trang, hợp xu thế.</p>\r\n<p><img class=\"lazy\" title=\"OPPO A5 (2020) 64GB | Viền cong mềm mại dễ cầm nắm\" src=\"https://cdn.tgdd.vn/Products/Images/42/210441/oppo-a5-2020-6.jpg\" alt=\"OPPO A5 (2020) 64GB | Viền cong mềm mại dễ cầm nắm\" data-src=\"https://cdn.tgdd.vn/Products/Images/42/210441/oppo-a5-2020-6.jpg\" /></p>\r\n<p>Mặt lưng sử dụng chất liệu nhựa với hiệu ứng chuyển sắc b&oacute;ng bẩy độc đ&aacute;o, chi tiết ho&agrave;n thiện tỉ mỉ. Thiết kế đối xứng chạy dọc th&acirc;n m&aacute;y với với cảm biến v&acirc;n tay v&agrave; cụm 4 camera sau.</p>\r\n<p><img class=\"lazy\" title=\"OPPO A5 (2020) 64GB | Mặt lưng chuyển m&agrave;u độc đ&aacute;o\" src=\"https://cdn.tgdd.vn/Products/Images/42/210441/oppo-a5-2020-10.jpg\" alt=\"OPPO A5 (2020) 64GB | Mặt lưng chuyển m&agrave;u độc đ&aacute;o\" data-src=\"https://cdn.tgdd.vn/Products/Images/42/210441/oppo-a5-2020-10.jpg\" /></p>\r\n<p>Mặt trước vẫn l&agrave;&nbsp;<a title=\"m&agrave;n h&igrave;nh giọt nước\" href=\"https://www.dienmayxanh.com/dien-thoai-man-hinh-giot-nuoc\">m&agrave;n h&igrave;nh giọt nước</a>&nbsp;tr&agrave;n viền th&iacute;ch hợp cho trải nghiệm xem phim, chơi game, đọc b&aacute;o, lướt web,... đều thoải m&aacute;i v&agrave; hiện đại hơn.</p>\r\n<p><img class=\"lazy\" title=\"OPPO A5 (2020) 64GB | M&agrave;n h&igrave;nh giọt nước tr&agrave;n viền\" src=\"https://cdn.tgdd.vn/Products/Images/42/210441/oppo-a5-2020-1.jpg\" alt=\"OPPO A5 (2020) 64GB | M&agrave;n h&igrave;nh giọt nước tr&agrave;n viền\" data-src=\"https://cdn.tgdd.vn/Products/Images/42/210441/oppo-a5-2020-1.jpg\" /></p>\r\n<p>Viền dưới vẫn c&ograve;n hơi d&agrave;y nhưng tổng thể m&agrave;n h&igrave;nh 6.5 inch của OPPO A5 2020 đ&atilde; chiếm đến 89.3% k&iacute;ch thước th&acirc;n m&aacute;y, k&iacute;nh cường lực Gorilla Glass 3 chống trầy v&agrave; nứt vỡ kh&aacute; tốt.</p>\r\n<p><img class=\"lazy\" title=\"OPPO A5 (2020) 64GB | Trang bị mặt k&iacute;nh bền bỉ\" src=\"https://cdn.tgdd.vn/Products/Images/42/210441/oppo-a5-2020-7.jpg\" alt=\"OPPO A5 (2020) 64GB | Trang bị mặt k&iacute;nh bền bỉ\" data-src=\"https://cdn.tgdd.vn/Products/Images/42/210441/oppo-a5-2020-7.jpg\" /></p>\r\n<h3>4 camera đang dạng chế độ chụp</h3>\r\n<p><img class=\"lazy\" title=\"OPPO A5 (2020) 64GB | Cụm 4 camera ph&iacute;a sau lưng\" src=\"https://cdn.tgdd.vn/Products/Images/42/210441/oppo-a5-2020-tgdd9.jpg\" alt=\"OPPO A5 (2020) 64GB | Cụm 4 camera ph&iacute;a sau lưng\" data-src=\"https://cdn.tgdd.vn/Products/Images/42/210441/oppo-a5-2020-tgdd9.jpg\" /></p>\r\n<p>Bộ 4 camera bao gồm 1 camera 12 MP sắc n&eacute;t, 1 camera 8 MP chụp g&oacute;c rộng 119 độ, 1 camera hỗ trợ chụp ch&acirc;n dung x&oacute;a ph&ocirc;ng 2 MP v&agrave; 1 camera đơn sắc 2 MP chụp hiện ứng đen trắng ho&agrave;i cổ.</p>\r\n<p><img class=\"lazy\" title=\"OPPO A5 (2020) 64GB | Ảnh chụp bằng camera sau\" src=\"https://cdn.tgdd.vn/Products/Images/42/210441/oppo-a5-2020-14.jpg\" alt=\"OPPO A5 (2020) 64GB | Ảnh chụp bằng camera sau\" data-src=\"https://cdn.tgdd.vn/Products/Images/42/210441/oppo-a5-2020-14.jpg\" /></p>\r\n<p>C&ocirc;ng nghệ Ultra Night mode 2.0 mới gi&uacute;p chụp s&aacute;ng r&otilde; hơn trong điều kiện thiếu s&aacute;ng hay c&ograve;n v&ocirc; v&agrave;n chế độ chụp, hiệu ứng đẹp mắt t&iacute;ch hợp sẵn trong ứng dụng chụp ảnh của m&aacute;y.</p>\r\n<p><img class=\"lazy\" title=\"OPPO A5 (2020) 64GB | Ảnh chụp chế độ ch&acirc;n dung x&oacute;a ph&ocirc;ng\" src=\"https://cdn.tgdd.vn/Products/Images/42/210441/oppo-a5-2020-13.jpg\" alt=\"OPPO A5 (2020) 64GB | Ảnh chụp chế độ ch&acirc;n dung x&oacute;a ph&ocirc;ng\" data-src=\"https://cdn.tgdd.vn/Products/Images/42/210441/oppo-a5-2020-13.jpg\" /></p>\r\n<h3>Camera selfie l&agrave;m đẹp</h3>\r\n<p>Camera 8 MP đủ sắc n&eacute;t để thể hiện những bức h&igrave;nh selfie sắc n&eacute;t c&ugrave;ng chế độ &ldquo;l&agrave;m đẹp&rdquo; danh tiếng của OPPO t&iacute;ch hợp th&ecirc;m AI th&ocirc;ng minh tối ưu theo từng n&eacute;t đẹp c&aacute; nh&acirc;n của người sử dụng cũng như khung cảnh.</p>\r\n<p><img class=\"lazy\" title=\"OPPO A5 (2020) 64GB | Ảnh selfie\" src=\"https://cdn.tgdd.vn/Products/Images/42/210441/oppo-a5-2020-12.jpg\" alt=\"OPPO A5 (2020) 64GB | Ảnh selfie\" data-src=\"https://cdn.tgdd.vn/Products/Images/42/210441/oppo-a5-2020-12.jpg\" /></p>\r\n<h3>Hiệu năng mạnh mẽ với chip mới Snapdragon 665</h3>\r\n<p>OPPO A5 2020 sở hữu hiệu năng kh&aacute; tốt trong tầm gi&aacute; với vi xử l&yacute; Snapdragon 665 tương đương tr&ecirc;n A9 2020 cho tốc độ xử l&yacute;, chơi game kh&ocirc;ng ch&ecirc;nh lệch qu&aacute; nhiều với &ldquo;đ&agrave;n anh&rdquo;.</p>\r\n<p><img class=\"lazy\" title=\"OPPO A5 (2020) 64GB | Điểm Antutu Benchmark\" src=\"https://cdn.tgdd.vn/Products/Images/42/210441/oppo-a5-2020-11.jpg\" alt=\"OPPO A5 (2020) 64GB | Điểm Antutu Benchmark\" data-src=\"https://cdn.tgdd.vn/Products/Images/42/210441/oppo-a5-2020-11.jpg\" /></p>\r\n<p>Tuy nhi&ecirc;n bộ nhớ RAM r&uacute;t gọn xuống c&ograve;n 3 GB v&agrave; bộ nhớ trong 64 GB chỉ th&iacute;ch hợp cho c&aacute;c nhu cầu d&ugrave;ng th&ocirc;ng thường, kh&ocirc;ng qu&aacute; nặng về đa nhiệm hay giải tr&iacute; đồ họa cao cấp. Tất nhi&ecirc;n, bạn vẫn c&oacute; thể mở rộng th&ecirc;m bộ nhớ lưu trữ qua thẻ nhớ đến 256 GB.</p>\r\n<p><img class=\"lazy\" title=\"OPPO A5 (2020) 64GB | Khả năng chơi game\" src=\"https://cdn.tgdd.vn/Products/Images/42/210441/oppo-a5-2020-5.jpg\" alt=\"OPPO A5 (2020) 64GB | Khả năng chơi game\" data-src=\"https://cdn.tgdd.vn/Products/Images/42/210441/oppo-a5-2020-5.jpg\" /></p>\r\n<p>Hệ điều h&agrave;nh Color OS 6.1 tối ưu tr&ecirc;n nền tảng Android 9.0 với nhiều t&iacute;nh năng hiện đại, thao t&aacute;c tiện dụng v&agrave; đặc biệt nhất l&agrave; giao diện cực đẹp, rất nhiều t&ugrave;y biến ph&ugrave; hợp với bạn trẻ năng động.</p>\r\n<h3>Bảo mật ti&ecirc;n tiến với cả hai bảo mật</h3>\r\n<p>Tiện dụng với bảo mật khu&ocirc;n mặt hay an to&agrave;n với bảo mật v&acirc;n tay đều được t&iacute;ch hợp tr&ecirc;n chiếc OPPO A5 2020 mang đến sự tiện dụng nhất cho bạn v&agrave; bảo mật tối đa.</p>\r\n<p><img class=\"lazy\" title=\"OPPO A5 (2020) 64GB | Bảo mật v&acirc;n tay mặt lưng\" src=\"https://cdn.tgdd.vn/Products/Images/42/210441/oppo-a5-2020-16.jpg\" alt=\"OPPO A5 (2020) 64GB | Bảo mật v&acirc;n tay mặt lưng\" data-src=\"https://cdn.tgdd.vn/Products/Images/42/210441/oppo-a5-2020-16.jpg\" /></p>\r\n<h3>Thời lượng pin đ&aacute;ng nể</h3>\r\n<p>Vi&ecirc;n pin 5000 mAh mang đến cho OPPO A5 2020 thời lượng pin sử dụng thoải m&aacute;i cho mọi nhu cầu, c&oacute; thể l&ecirc;n đến 2, 3 ng&agrave;y với nhu cầu d&ugrave;ng th&ocirc;ng thường. Đ&aacute;ng tiếc m&aacute;y chưa hỗ trợ c&ocirc;ng nghệ sạc nhanh.</p>\r\n<p><img class=\"lazy\" title=\"OPPO A5 (2020) 64GB | Đem lại thời gian sử dụng l&acirc;u d&agrave;i\" src=\"https://cdn.tgdd.vn/Products/Images/42/210441/oppo-a5-2020-9.jpg\" alt=\"OPPO A5 (2020) 64GB | Đem lại thời gian sử dụng l&acirc;u d&agrave;i\" data-src=\"https://cdn.tgdd.vn/Products/Images/42/210441/oppo-a5-2020-9.jpg\" /></p>\r\n<p>Chưa hết, vi&ecirc;n pin 5000 mAh c&ograve;n c&oacute; thể &ldquo;cấp cứu&rdquo; nhanh 1 chiếc smartphone kh&aacute;c bằng c&ocirc;ng nghệ sạc ngược OTG l&agrave;m chức năng như 1 vi&ecirc;n pin sạc dự ph&ograve;ng.</p>',4590000,2,2,5290000,'2020-01-06 20:15:15',43,42,'Y',300000,1,'bidder1',NULL),(2159,'Điện thoại Samsung Galaxy A10s','KHUYẾN MÃI TRỊ GIÁ 300.000₫','7/1/2020\n\n<h3>Thời lượng pin ấn tượng trong ph&acirc;n kh&uacute;c</h3>\r\n<p>Pin đang l&agrave; vấn đề m&agrave; rất nhiều chiếc&nbsp;<a title=\"Tham khảo điện thoại ch&iacute;nh h&atilde;ng\" href=\"https://www.dienmayxanh.com/dien-thoai\" target=\"_blank\" rel=\"noopener\">smartphone</a>&nbsp;hiện nay gặp phải rắc rối khi họ t&iacute;ch hợp qu&aacute; nhiều c&ocirc;ng nghệ nhưng thời lượng pin lại kh&ocirc;ng đạt như kỳ vọng.</p>\r\n<p><img class=\"lazy\" title=\"Điện thoại Samsung Galaxy A10s | Thời lượng pin\" src=\"https://cdn.tgdd.vn/Products/Images/42/205773/samsung-galaxy-a10s-3.jpg\" alt=\"Điện thoại Samsung Galaxy A10s | Thời lượng pin\" data-src=\"https://cdn.tgdd.vn/Products/Images/42/205773/samsung-galaxy-a10s-3.jpg\" /></p>\r\n<p>Samsung Galaxy A10s sẽ l&agrave; một c&acirc;u chuyện ho&agrave;n to&agrave;n kh&aacute;c với vi&ecirc;n pin c&oacute; dung lượng l&ecirc;n tới 4000 mAh cho bạn thoải m&aacute;i d&ugrave;ng tới ng&agrave;y thứ 2.</p>\r\n<p>Tất nhi&ecirc;n m&aacute;y cũng sở hữu cho m&igrave;nh c&ocirc;ng nghệ si&ecirc;u tiết kiệm pin độc quyền của Samsung gi&uacute;p bạn c&oacute; thể k&eacute;o d&agrave;i thời lượng sử dụng trong c&aacute;c trường hợp khẩn cấp.</p>\r\n<p><img class=\"lazy\" title=\"Điện thoại Samsung Galaxy A10s | Thời lượng pin\" src=\"https://cdn.tgdd.vn/Products/Images/42/205773/samsung-galaxy-a10s-4.jpg\" alt=\"Điện thoại Samsung Galaxy A10s | Thời lượng pin\" data-src=\"https://cdn.tgdd.vn/Products/Images/42/205773/samsung-galaxy-a10s-4.jpg\" /></p>\r\n<p>Con chip&nbsp;MediaTek MT6762 8 nh&acirc;n 64-bit (Helio P22) đi k&egrave;m tr&ecirc;n m&aacute;y cũng được tối ưu điện năng hiệu quả gi&uacute;p người d&ugrave;ng vẫn c&oacute; một trải nghiệm mượt m&agrave; v&agrave; thời lượng pin vẫn tốt.</p>\r\n<p><img class=\"lazy\" title=\"Điện thoại Samsung Galaxy A10s | Điểm hiệu năng Antutu Benchmark\" src=\"https://cdn.tgdd.vn/Products/Images/42/205773/samsung-galaxy-a10s-10.jpg\" alt=\"Điện thoại Samsung Galaxy A10s | Điểm hiệu năng Antutu Benchmark\" data-src=\"https://cdn.tgdd.vn/Products/Images/42/205773/samsung-galaxy-a10s-10.jpg\" /></p>',3690000,2,2,5000000,'2020-01-06 20:30:47',43,NULL,'Y',500000,NULL,NULL,NULL),(2160,'Điện thoại iPhone 11 Pro 256GB','Phiếu mua hàng 1.5 triệu ','7/1/2020\n\n<h3>Được nhận x&eacute;t l&agrave; sự lựa chọn c&acirc;n bằng nhất trong bộ ba iPhone 2019, si&ecirc;u phẩm&nbsp;<a title=\"Tham khảo gi&aacute; iPhone 11 Pro 256GB ch&iacute;nh h&atilde;ng\" href=\"http://dienmayxanh.com/dien-thoai/iphone-11-pro-256gb\" target=\"_blank\" rel=\"noopener\">iPhone 11 Pro 256GB</a>&nbsp;nổi bật với k&iacute;ch thước nhỏ gọn, c&ugrave;ng to&agrave;n bộ cấu h&igrave;nh, camera được giữ nguy&ecirc;n từ&nbsp;<a title=\"Tham khảo gi&aacute; iPhone 11 Pro Max ch&iacute;nh h&atilde;ng\" href=\"https://www.dienmayxanh.com/dien-thoai/iphone-11-pro-max\" target=\"_blank\" rel=\"noopener\">iPhone 11 Pro Max</a>.</h3>\r\n<h3>Thiết kế nhỏ gọn, m&agrave;n h&igrave;nh chất lượng</h3>\r\n<p>K&iacute;ch thước nhỏ gọn tất nhi&ecirc;n kh&ocirc;ng phải ưu điểm lớn nhất của iPhone 11 Pro, nhưng n&oacute; lại l&agrave; điểm tạo sự kh&aacute;c biệt so với hai phi&ecirc;n bản iPhone 11 Pro Max v&agrave;&nbsp;<a title=\"Tham khảo gi&aacute; điện thoại iPhone 11\" href=\"https://www.dienmayxanh.com/dien-thoai/iphone-11\" target=\"_blank\" rel=\"noopener\" type=\"Tham khảo gi&aacute; điện thoại iPhone 11\">iPhone 11</a>, cũng như nhiều flagship cao cấp kh&aacute;c hiện nay, thường c&oacute; k&iacute;ch thước m&agrave;n h&igrave;nh rất lớn.</p>\r\n<p><img class=\"lazy\" title=\"iPhone 11 Pro 256GB | Thiết kế nhỏ gọn\" src=\"https://cdn.tgdd.vn/Products/Images/42/210655/iphone-11-pro-256gb-29.jpg\" alt=\"iPhone 11 Pro 256GB | Thiết kế nhỏ gọn\" data-src=\"https://cdn.tgdd.vn/Products/Images/42/210655/iphone-11-pro-256gb-29.jpg\" /></p>\r\n<p>Với k&iacute;ch thước m&agrave;n h&igrave;nh 5.8 inch, k&egrave;m thiết kế tai thỏ tr&agrave;n viền, tối ưu diện t&iacute;ch, iPhone 11 Pro c&oacute; k&iacute;ch thước v&ocirc; c&ugrave;ng nhỏ gọn. Nhờ vậy, đ&acirc;y l&agrave; sự lựa chọn y&ecirc;u th&iacute;ch của rất nhiều người, đặc biệt l&agrave; c&aacute;c bạn nữ c&oacute; b&agrave;n tay nhỏ.</p>\r\n<p><img class=\"lazy\" title=\"iPhone 11 Pro 256GB | Thiết kế nhỏ gọn\" src=\"https://cdn.tgdd.vn/Products/Images/42/210655/iphone-11-pro-256gb-31.jpg\" alt=\"iPhone 11 Pro 256GB | Thiết kế nhỏ gọn\" data-src=\"https://cdn.tgdd.vn/Products/Images/42/210655/iphone-11-pro-256gb-31.jpg\" /></p>\r\n<p>Mặt sau nổi bật với cụm camera kh&aacute; to, cũng như lớp k&iacute;nh mờ chống b&aacute;m v&acirc;n tay, bụi bẩn. K&egrave;m theo l&agrave; logo \"t&aacute;o khuyết\" quen thuộc đ&atilde; được dời xuống ch&iacute;nh giữa m&aacute;y.</p>\r\n<p><img class=\"lazy\" title=\"iPhone 11 Pro 256GB | Thiết kế k&iacute;nh cường lực cao cấp\" src=\"https://cdn.tgdd.vn/Products/Images/42/210655/iphone-11-pro-256gb-36.jpg\" alt=\"iPhone 11 Pro 256GB | Thiết kế k&iacute;nh cường lực cao cấp\" data-src=\"https://cdn.tgdd.vn/Products/Images/42/210655/iphone-11-pro-256gb-36.jpg\" /></p>\r\n<p>Tấm nền OLED được tinh chỉnh lại mang t&ecirc;n Super Retina XDR cho chất lượng hiển thị tuyệt vời, m&agrave;u sắc được t&aacute;i tạo tốt, độ ch&iacute;nh x&aacute;c cao.</p>',53910000,2,2,36990000,'2020-01-06 20:38:07',43,42,'Y',990000,12,'bidder1',NULL),(2161,'Điện thoại Samsung Galaxy Note 9','Áp dụng dự kiến đến 15/01/2020','7/1/2020\n\n<h3>B&uacute;t S Pen được cải tiến to&agrave;n diện</h3>\r\n<p>Chiếc b&uacute;t S Pen tr&ecirc;n&nbsp;<a title=\"Tham khảo điện thoại Samsung Galaxy Note 9 tại Điện m&aacute;y XANH\" href=\"https://www.dienmayxanh.com/dien-thoai/samsung-galaxy-note-9\" target=\"_blank\" rel=\"noopener\" type=\"Tham khảo điện thoại Samsung Galaxy Note 9 tại Điện m&aacute;y XANH\">Samsung Galaxy Note 9</a>&nbsp;mới nhận diện được 4096 cấp độ nhấn, hỗ trợ rất tốt cho người d&ugrave;ng khi vẽ hoặc viết tin nhắn, mang đến cảm gi&aacute;c mượt m&agrave; v&agrave; ch&iacute;nh x&aacute;c như b&uacute;t v&agrave; giấy thật sự.</p>\r\n<p><img class=\"lazy\" title=\"B&uacute;t S Pen điện thoại Samsung Galaxy Note 9\" src=\"https://cdn.tgdd.vn/Products/Images/42/154897/samsung-galaxy-note-9-25.jpg\" alt=\"B&uacute;t S Pen điện thoại Samsung Galaxy Note 9\" data-src=\"https://cdn.tgdd.vn/Products/Images/42/154897/samsung-galaxy-note-9-25.jpg\" /></p>\r\n<p>B&uacute;t S Pen giờ đ&acirc;y cũng đ&atilde;&nbsp;hỗ trợ Bluetooth gi&uacute;p&nbsp;người d&ugrave;ng sẽ c&oacute; thể nhấn n&uacute;t tr&ecirc;n S Pen để chụp ảnh, điều khiển khi tr&igrave;nh chiếu, điều khiển ứng dụng t&ugrave;y theo c&aacute;ch thiết lập của m&igrave;nh.</p>\r\n<p><img class=\"lazy\" title=\"Điều khiển b&uacute;t S Pen tr&ecirc;n điện thoại Samsung Galaxy Note 9\" src=\"https://cdn.tgdd.vn/Products/Images/42/154897/samsung-galaxy-note-9-24.jpg\" alt=\"Điều khiển b&uacute;t S Pen tr&ecirc;n điện thoại Samsung Galaxy Note 9\" data-src=\"https://cdn.tgdd.vn/Products/Images/42/154897/samsung-galaxy-note-9-24.jpg\" /></p>\r\n<p>C&acirc;y b&uacute;t S Pen thần th&aacute;nh n&agrave;y cần pin để cấp nguồn v&agrave; bạn chỉ cần 40 gi&acirc;y đ&uacute;t v&agrave;o b&ecirc;n trong m&aacute;y l&agrave; c&oacute; thể sạc pin đầy cho thiết bị.</p>\r\n<h3>Camera của Samsung giờ cũng c&oacute; AI</h3>\r\n<p>Camera tr&ecirc;n&nbsp;<a title=\"Tham khảo điện thoại tại Điện m&aacute;y XANH\" href=\"https://www.dienmayxanh.com/dien-thoai\" target=\"_blank\" rel=\"noopener\" type=\"Tham khảo điện thoại tại Điện m&aacute;y XANH\">điện thoại</a>&nbsp;Note 9 được t&iacute;ch hợp tr&iacute; tuệ nh&acirc;n tạo, cho ph&eacute;p nhận diện khung cảnh bạn muốn chụp, từ đ&oacute; tự động thực hiện điều chỉnh để những bức ảnh c&oacute; chất lượng tốt nhất.</p>\r\n<p><img class=\"lazy\" title=\"Camera sau của điện thoại Samsung Galaxy Note 9\" src=\"https://cdn.tgdd.vn/Products/Images/42/154897/samsung-galaxy-note-9-23.jpg\" alt=\"Camera sau của điện thoại Samsung Galaxy Note 9\" data-src=\"https://cdn.tgdd.vn/Products/Images/42/154897/samsung-galaxy-note-9-23.jpg\" /></p>\r\n<p>Thậm ch&iacute; camera của m&aacute;y c&ograve;n c&oacute; khả năng nhận biết những khuyết điểm tr&ecirc;n ảnh như người chụp nhắm mắt hay ảnh bị mờ v&agrave; th&ocirc;ng b&aacute;o để bạn c&oacute; thể chụp lại.</p>\r\n<p><img class=\"lazy\" title=\"Ảnh selfie bằng camera trước tr&ecirc;n điện thoại Samsung Galaxy Note 9\" src=\"https://cdn.tgdd.vn/Products/Images/42/154897/samsung-galaxy-note-9-21.jpg\" alt=\"Ảnh selfie bằng camera trước tr&ecirc;n điện thoại Samsung Galaxy Note 9\" data-src=\"https://cdn.tgdd.vn/Products/Images/42/154897/samsung-galaxy-note-9-21.jpg\" /></p>\r\n<p>Cũng như Galaxy S9+ th&igrave; camera ch&iacute;nh của m&aacute;y cũng c&oacute; độ ph&acirc;n giải 12 MP + 12 MP, trong đ&oacute; 1 camera g&oacute;c rộng c&oacute; khả năng thay đổi khẩu độ f/1.5 hoặc f/2.4 t&ugrave;y theo điều kiện m&ocirc;i trường.</p>\r\n<p><img class=\"lazy\" title=\"Ảnh chụp bằng camera sau tr&ecirc;n điện thoại Samsung Galaxy Note 9\" src=\"https://cdn.tgdd.vn/Products/Images/42/154897/samsung-galaxy-note-9-20.jpg\" alt=\"Ảnh chụp bằng camera sau tr&ecirc;n điện thoại Samsung Galaxy Note 9\" data-src=\"https://cdn.tgdd.vn/Products/Images/42/154897/samsung-galaxy-note-9-20.jpg\" /></p>\r\n<p>M&aacute;y vẫn cho cho ph&eacute;p zoom quang 2x cũng như chụp ảnh x&oacute;a ph&ocirc;ng ảo diệu v&agrave; tất nhi&ecirc;n, chất lượng cũng tốt hơn nhiều so với thế hệ trước.</p>\r\n<h3>Cấu h&igrave;nh mạnh mẽ hơn</h3>\r\n<p><a title=\"Tham khảo c&aacute;c d&ograve;ng điện thoại Samsung ch&iacute;nh h&atilde;ng tại Điện m&aacute;y XANH\" href=\"https://www.dienmayxanh.com/dien-thoai-samsung\" target=\"_blank\" rel=\"noopener\" type=\"Tham khảo c&aacute;c d&ograve;ng điện thoại Samsung ch&iacute;nh h&atilde;ng tại Điện m&aacute;y XANH\">Điện thoại Samsung</a>&nbsp;n&agrave;y được cung cấp sức mạnh bởi chip Exynos 9810 v&agrave; Samsung cho biết Galaxy Note 9 sẽ c&oacute; CPU mạnh hơn 33% k&egrave;m với GPU mạnh hơn 23% so với thế hệ tiền nhiệm.</p>\r\n<p><img class=\"lazy\" title=\"Điểm Antutu tr&ecirc;n điện thoại Samsung Galaxxy Note 9\" src=\"https://cdn.tgdd.vn/Products/Images/42/154897/samsung-galaxy-note-9-19.jpg\" alt=\"Điểm Antutu tr&ecirc;n điện thoại Samsung Galaxxy Note 9\" data-src=\"https://cdn.tgdd.vn/Products/Images/42/154897/samsung-galaxy-note-9-19.jpg\" /></p>\r\n<p>Ngo&agrave;i ra m&aacute;y cũng sở hữu bộ nhớ trong lớn l&ecirc;n tới 128 GB v&agrave; c&ograve;n c&oacute; khả năng hỗ trợ khe cắm thẻ nhớ mở rộng l&ecirc;n tới 512 GB thoải m&aacute;i cho bạn lưu trữ dữ liệu c&aacute; nh&acirc;n.</p>\r\n<p><img class=\"lazy\" title=\"Cấu h&igrave;nh của điện thoại Samsung Galaxy Note 9\" src=\"https://cdn.tgdd.vn/Products/Images/42/154897/samsung-galaxy-note-9-18.jpg\" alt=\"Cấu h&igrave;nh của điện thoại Samsung Galaxy Note 9\" data-src=\"https://cdn.tgdd.vn/Products/Images/42/154897/samsung-galaxy-note-9-18.jpg\" /></p>\r\n<p>Với Note 9, Samsung đ&atilde; tập trung hơn v&agrave;o trải nghiệm game, h&atilde;ng t&iacute;ch hợp hệ thống l&agrave;m m&aacute;t ti&ecirc;n tiến v&agrave;o GPU để gi&uacute;p l&agrave;m m&aacute;t m&aacute;y v&agrave; giữ hiệu năng ổn định trong thời gian d&agrave;i.</p>\r\n<p><img class=\"lazy\" title=\"Chơi game tr&ecirc;n điện thoại Samsung Galaxy Note 9\" src=\"https://cdn.tgdd.vn/Products/Images/42/154897/samsung-galaxy-note-9-gaming-2.gif\" alt=\"Chơi game tr&ecirc;n điện thoại Samsung Galaxy Note 9\" data-src=\"https://cdn.tgdd.vn/Products/Images/42/154897/samsung-galaxy-note-9-gaming-2.gif\" /></p>\r\n<p>Hơn nữa, Samsung đ&atilde; k&yacute; thỏa thuận với c&aacute;c nh&agrave; ph&aacute;t triển như Epic v&agrave; Bethesda để cung cấp nội dung tr&ograve; chơi độc quyền cho chiếc&nbsp;smartphone&nbsp;n&agrave;y.</p>\r\n<h3>Note 9 c&oacute; thể biến th&agrave;nh \"một chiếc m&aacute;y t&iacute;nh\"</h3>\r\n<p>Dex l&agrave; t&iacute;nh năng gi&uacute;p&nbsp;biến điện thoại Galaxy th&agrave;nh một chiếc m&aacute;y t&iacute;nh v&agrave; với thế hệ đầu ti&ecirc;n th&igrave; việc sử dụng t&iacute;nh năng n&agrave;y kh&aacute; kh&oacute; khăn.</p>\r\n<p>Kh&aacute;c với c&aacute;c đời Note v&agrave; S trước đ&acirc;y, tr&ecirc;n Note 9 bạn kh&ocirc;ng cần phải sử dụng một chiếc dock nữa, thay v&agrave;o đ&oacute; chỉ cần một sợi c&aacute;p HDMI, gọn g&agrave;ng hơn rất nhiều so với trước.</p>\r\n<p><img class=\"lazy\" title=\"Samsung Galaxy Note 9\" src=\"https://cdn.tgdd.vn/Products/Images/42/154897/samsung-galaxy-note-9-17.jpg\" alt=\"Samsung Galaxy Note 9\" data-src=\"https://cdn.tgdd.vn/Products/Images/42/154897/samsung-galaxy-note-9-17.jpg\" /></p>\r\n<p>L&uacute;c n&agrave;y bạn c&oacute; thể sử dụng chiếc Note 9 như một chiếc m&aacute;y t&iacute;nh thực thụ để l&agrave;m việc v&agrave; bạn cũng c&oacute; thể sử dụng song song vừa&nbsp;DeX vừa d&ugrave;ng Note 9.</p>',23990000,2,2,32990000,'2020-01-06 21:08:35',43,42,'Y',200000,5,'bidder2',NULL),(2162,'2','2','7/1/2020\n\n<h3>L&agrave; một trong số &iacute;t c&aacute;c flagship được mong đợi nhất của năm,&nbsp;<a title=\"Tham khảo gi&aacute; điện thoại Samsung Galaxy Note 10 ch&iacute;nh h&atilde;ng, gi&aacute; rẻ\" href=\"https://www.dienmayxanh.com/dien-thoai/samsung-galaxy-note-10\" target=\"_blank\" rel=\"noopener\" type=\"Tham khảo gi&aacute; điện thoại Samsung Galaxy Note 10 ch&iacute;nh h&atilde;ng, gi&aacute; rẻ\">Samsung Galaxy Note 10</a>&nbsp;g&acirc;y ấn tượng với sự thay đổi mạnh mẽ từ t&iacute;nh năng của b&uacute;t S Pen, camera, kiểu d&aacute;ng cho tới m&agrave;u sắc b&ecirc;n ngo&agrave;i.</h3>\r\n<h3>B&uacute;t S Pen c&agrave;ng ng&agrave;y c&agrave;ng th&ocirc;ng minh</h3>\r\n<p>S Pen l&agrave; biểu tượng đặc trưng của d&ograve;ng Samsung Galaxy Note m&agrave; kh&ocirc;ng phải h&atilde;ng n&agrave;o cũng c&oacute; thể sở hữu được.</p>\r\n<p><img class=\"lazy\" title=\"Điện thoại Samsung Galaxy Note 10 | Khe cắm S Pen tr&ecirc;n th&acirc;n m&aacute;y\" src=\"https://cdn.tgdd.vn/Products/Images/42/191276/samsung-galaxy-note-10-34.jpg\" alt=\"Điện thoại Samsung Galaxy Note 10 | Khe cắm S Pen tr&ecirc;n th&acirc;n m&aacute;y\" data-src=\"https://cdn.tgdd.vn/Products/Images/42/191276/samsung-galaxy-note-10-34.jpg\" /></p>\r\n<p>Mỗi năm ra mắt, d&ograve;ng Note lại được cải tiến nhiều hơn ở \"biểu tượng\" n&agrave;y v&agrave; với năm nay, ngo&agrave;i việc được t&iacute;ch hợp kết nối Bluetooth, S Pen c&ograve;n được cải tiến ở phần cảm biến gia tốc v&agrave; cảm biến con quay hồi chuyển, n&acirc;ng cao trải nghiệm người d&ugrave;ng.</p>\r\n<p><img class=\"lazy\" title=\"Điện thoại Samsung Galaxy Note 10 | Trải nghiệm b&uacute;t S Pen\" src=\"https://cdn.tgdd.vn/Products/Images/42/191276/samsung-galaxy-note-10-40.jpg\" alt=\"Điện thoại Samsung Galaxy Note 10 | Trải nghiệm b&uacute;t S Pen\" data-src=\"https://cdn.tgdd.vn/Products/Images/42/191276/samsung-galaxy-note-10-40.jpg\" /></p>\r\n<p>Chỉ cần điều khiển S Pen l&ecirc;n hoặc xuống, bạn đ&atilde; c&oacute; thể tăng giảm &acirc;m lượng m&agrave; kh&ocirc;ng cần chạm v&agrave;o n&uacute;t vật l&yacute;.</p>\r\n<p>Hay di chuyển S Pen theo chiều kim đồng hồ hoặc theo chiều ngược lại khi sử dụng camera trước để thay đổi kiểu chụp: Chụp nh&oacute;m, chụp ch&acirc;n dung b&igrave;nh thường, chụp to&agrave;n cảnh,...</p>\r\n<p><img class=\"lazy\" title=\"Điện thoại Samsung Galaxy Note 10 | C&aacute;c t&iacute;nh năng tr&ecirc;n b&uacute;t S Pen\" src=\"https://cdn.tgdd.vn/Products/Images/42/191276/samsung-galaxy-note-10-35.jpg\" alt=\"Điện thoại Samsung Galaxy Note 10 | C&aacute;c t&iacute;nh năng tr&ecirc;n b&uacute;t S Pen\" data-src=\"https://cdn.tgdd.vn/Products/Images/42/191276/samsung-galaxy-note-10-35.jpg\" /></p>\r\n<p>Ngo&agrave;i ra S Pen c&ograve;n l&agrave;m được rất nhiều điều th&ocirc;ng minh kh&aacute;c như chuyển chữ viết tay sang kiểu chữ văn bản; c&agrave;i đặt thay đổi m&agrave;u mực, độ d&agrave;y n&eacute;t b&uacute;t trong ứng dụng vẽ v&agrave; mới lạ nhất l&agrave; tuỳ &yacute; s&aacute;ng t&aacute;c h&igrave;nh vẽ 3D tạo n&ecirc;n những h&igrave;nh ảnh hoặc video s&aacute;ng tạo.</p>',22990072,2,2,22990000,'2020-01-06 21:24:16',43,42,'Y',3,24,'bidder2',NULL),(2163,'Máy tính bảng Samsung Galaxy Tab A 10.1 (','KHUYẾN MÃI Áp dụng dự kiến đến 31/01/2020','7/1/2020\n\n<h3>M&agrave;n h&igrave;nh rộng độ ph&acirc;n giải cao</h3>\r\n<p>Galaxy Tab A T515 (2019) sở hữu m&agrave;n h&igrave;nh rộng đến 10.1 inch, c&ugrave;ng độ ph&acirc;n giải cao l&ecirc;n đến&nbsp;<a title=\"T&igrave;m hiểu độ ph&acirc;n giải Full HD\" href=\"https://www.dienmayxanh.com/kinh-nghiem-hay/do-phan-giai-man-hinh-la-gi-594493#fullhd\" target=\"_blank\" rel=\"noopener\" type=\"T&igrave;m hiểu độ ph&acirc;n giải Full HD\">Full HD</a>&nbsp;1920 x 1080 pixels.</p>\r\n<p><img class=\"lazy\" title=\"M&agrave;n h&igrave;nh m&aacute;y t&iacute;nh bảng Samsung Galaxy Tab A 10.1 T515 (2019)\" src=\"https://cdn.tgdd.vn/Products/Images/522/200963/samsung-galaxy-tab-a-101-t515-2019-1.jpg\" alt=\"M&agrave;n h&igrave;nh m&aacute;y t&iacute;nh bảng Samsung Galaxy Tab A 10.1 T515 (2019)\" data-src=\"https://cdn.tgdd.vn/Products/Images/522/200963/samsung-galaxy-tab-a-101-t515-2019-1.jpg\" /></p>\r\n<p>Thiết kế n&agrave;y mang đến cho người d&ugrave;ng một kh&ocirc;ng gian giải tr&iacute; cực rộng, ph&ugrave; hợp cho mọi hoạt động: xem h&igrave;nh ảnh, xem phim hay chơi game.</p>\r\n<p><img class=\"lazy\" title=\"Hiển thị tr&ecirc;n m&aacute;y t&iacute;nh bảng Samsung Galaxy Tab A 10.1 T515 (2019)\" src=\"https://cdn.tgdd.vn/Products/Images/522/200963/samsung-galaxy-tab-a-101-t515-2019-8.jpg\" alt=\"Hiển thị tr&ecirc;n m&aacute;y t&iacute;nh bảng Samsung Galaxy Tab A 10.1 T515 (2019)\" data-src=\"https://cdn.tgdd.vn/Products/Images/522/200963/samsung-galaxy-tab-a-101-t515-2019-8.jpg\" /></p>\r\n<p>Ngo&agrave;i ra m&agrave;n h&igrave;nh của m&aacute;y c&ograve;n c&oacute; khả năng hiển thị ngo&agrave;i trời tốt hơn, hạn chế được t&igrave;nh trạng bị ch&oacute;i lo&aacute; khi sử dụng ở b&ecirc;n ngo&agrave;i.</p>\r\n<p>M&aacute;y được trang bị vi xử l&yacute;&nbsp;Exynos 7904 c&oacute; hiệu năng tốt c&aacute;c t&aacute;c vụ được xử một c&aacute;ch mượt m&agrave;, &iacute;t xảy ra hiện tượng giật lag.</p>\r\n<p><img class=\"lazy\" title=\"Điểm hiệu năng Antutu tr&ecirc;n m&aacute;y t&iacute;nh bảng Samsung Galaxy Tab A 10.1 T515 (2019)\" src=\"https://cdn.tgdd.vn/Products/Images/522/200963/samsung-galaxy-tab-a-101-t515-2019-14.jpg\" alt=\"Điểm hiệu năng Antutu tr&ecirc;n m&aacute;y t&iacute;nh bảng Samsung Galaxy Tab A 10.1 T515 (2019)\" data-src=\"https://cdn.tgdd.vn/Products/Images/522/200963/samsung-galaxy-tab-a-101-t515-2019-14.jpg\" /></p>\r\n<p>Trải nghiệm chơi game tr&ecirc;n chiếc tablet Samsung n&agrave;y trở n&ecirc;n cực đ&atilde; khi m&agrave;n h&igrave;nh lớn, hiển thị được nhiều nội dung, dễ d&agrave;ng thao t&aacute;c, một lợi thế v&ocirc; c&ugrave;ng lớn cho c&aacute;c gamer.</p>',1000740,3,2,2000000,'2020-01-06 21:38:27',43,42,'Y',20,37,'bidder1',NULL),(2164,'Đàn Guitar Classic C-550-C Còng','Mặt: gỗ thông sitka, ceda','7/1/2020\n\n<div><strong>Chất liệu gỗ của Đ&agrave;n guitar classic</strong>: được l&agrave;m bằng gỗ điệp, được l&agrave;m từ gỗ hồng đ&agrave;o; guitar gỗ cẩm lai, gỗ th&ocirc;ng tự nhi&ecirc;n, guitar gỗ bằng lăng, gỗ koa, gỗ lim, gỗ maple, gỗ c&ograve;ng coong, v&aacute;n &eacute;p, gỗ sitka cedar,...<br /><strong>Gi&aacute; đ&agrave;n guitar classic</strong>: c&oacute; loại trung b&igrave;nh rẻ từ (800,000đ) đến cao cấp (25,000,00đ)<br /><strong>Guitar Ba Đờn</strong>&nbsp;l&agrave; thương hiệu uy t&iacute;n h&agrave;ng đầu do sản phẩm đ&agrave;n guitar được sản xuất tận xưởng đ&agrave;n danh tiếng l&acirc;u đời. H&agrave;ng tận xưởng n&ecirc;n b&aacute;n gi&aacute; gốc, gi&aacute; tốt nhất thị trường. Ba đờn l&agrave; xưởng cơ sở nơi sản xuất đ&agrave;n trực tiếp theo nghề thủ c&ocirc;ng truyền thống đ&atilde; nổi tiếng l&acirc;u đời. Đồng thời, Ba Đờn cũng c&oacute; showroom &nbsp;(shop cửa h&agrave;ng tiệm&nbsp;) chuy&ecirc;n mua b&aacute;n kinh doanh v&agrave; ph&acirc;n phối đ&agrave;n guitar, nhạc cụ đờn gi&aacute; sỉ v&agrave; lẻ trong to&agrave;n quốc.</div>\r\n<p><img title=\"Đ&agrave;n classic,Đ&agrave;n Guitar Classic C-550-C C&ograve;ng - Guitar classic Ba Đờn\" src=\"http://guitarbadon.vn/Image/ImageLibrary/dan-guitar-classic-c-550-c-cong-mat-truoc-1.jpg\" /><br />C&aacute;c g&oacute;c ảnh của Đ&agrave;n Guitar Classic C-550-C C&ograve;ng - Mời xem th&ecirc;m tr&ecirc;n website&nbsp;<a href=\"http://guitarbadon.vn/\">www.GuitarBaDon.Vn</a><br /><br /><img title=\"Đ&agrave;n classic,Đ&agrave;n Guitar Classic C-550-C C&ograve;ng - Guitar classic Ba Đờn\" src=\"http://guitarbadon.vn/Image/ImageLibrary/dan-guitar-classic-c-550-c-cong-goc-nghieng-phai.jpg\" /><br />C&aacute;c g&oacute;c ảnh của Đ&agrave;n Guitar Classic C-550-C C&ograve;ng - Mời xem th&ecirc;m tr&ecirc;n website&nbsp;<a href=\"http://guitarbadon.vn/\">www.GuitarBaDon.Vn</a><br /><br /><img title=\"Đ&agrave;n classic,Đ&agrave;n Guitar Classic C-550-C C&ograve;ng - Guitar classic Ba Đờn\" src=\"http://guitarbadon.vn/Image/ImageLibrary/dan-guitar-classic-c-550-c-cong-mat-truoc-sau.jpg\" /><br />C&aacute;c g&oacute;c ảnh của Đ&agrave;n Guitar Classic C-550-C C&ograve;ng - Mời xem th&ecirc;m tr&ecirc;n website&nbsp;<a href=\"http://guitarbadon.vn/\">www.GuitarBaDon.Vn</a><br /><br /></p>\r\n<div>&nbsp;</div>\r\n<p><img title=\"Đ&agrave;n classic,Đ&agrave;n Guitar Classic C-550-C C&ograve;ng - Guitar classic Ba Đờn\" src=\"http://guitarbadon.vn/Image/ImageLibrary/dan-guitar-classic-c-550-c-cong-goc-nghieng-trai.jpg\" /><br />C&aacute;c g&oacute;c ảnh của Đ&agrave;n Guitar Classic C-550-C C&ograve;ng - Mời xem th&ecirc;m tr&ecirc;n website&nbsp;<a href=\"http://guitarbadon.vn/\">www.GuitarBaDon.Vn</a><br /><br /><img title=\"Đ&agrave;n classic,Đ&agrave;n Guitar Classic C-550-C C&ograve;ng - Guitar classic Ba Đờn\" src=\"http://guitarbadon.vn/Image/ImageLibrary/dan-guitar-classic-c-550-c-cong-mat-truoc-2.jpg\" /></p>',6600000,35,2,7000000,'2020-01-06 22:23:20',43,45,'Y',100000,16,'bidder3',NULL),(2165,'Điện thoại Samsung Galaxy Fold','HÀNG SẮP VỀ','7/1/2020\n\n<h3>Thiết kế gập, 2 chế độ sử dụng</h3>\r\n<p>Galaxy Fold lấy &yacute; tưởng kết hợp giữa 1 chiếc m&aacute;y t&iacute;nh bảng phục vụ c&ocirc;ng việc, giải tr&iacute; v&agrave; 1 chiếc smartphone nhỏ gọn tiện dụng cho di chuyển, li&ecirc;n lạc. Nhờ c&ocirc;ng nghệ m&agrave;n h&igrave;nh dẻo hiện đại &yacute; tưởng n&agrave;y đ&atilde; trở th&agrave;nh hiện thực.</p>\r\n<p><img class=\"lazy\" title=\"Samsung Galaxy Fold m&agrave;n h&igrave;nh phụ\" src=\"https://cdn.tgdd.vn/Products/Images/42/198158/samsung-galaxy-fold-23.jpg\" alt=\"Samsung Galaxy Fold m&agrave;n h&igrave;nh phụ\" data-src=\"https://cdn.tgdd.vn/Products/Images/42/198158/samsung-galaxy-fold-23.jpg\" /></p>\r\n<p>M&aacute;y được thiết kế với 1 khung bản lề kim loại cực kỳ chắc chắn ở giữa nối liền 2 phần của m&aacute;y, m&agrave;n h&igrave;nh ch&iacute;nh lớn được gập v&agrave;o b&ecirc;n trong để bảo vệ tốt hơn trong khi đ&oacute; m&agrave;n h&igrave;nh ngo&agrave;i d&agrave;i tỉ lệ 21:9 v&agrave; viền m&agrave;n h&igrave;nh kh&aacute; d&agrave;y.&nbsp;<a title=\"Tham khảo gi&aacute; điện thoại smartphone Samsung ch&iacute;nh h&atilde;ng\" href=\"https://www.dienmayxanh.com/dien-thoai-samsung\" target=\"_blank\" rel=\"noopener\" type=\"Tham khảo gi&aacute; điện thoại smartphone Samsung ch&iacute;nh h&atilde;ng\">Samsung</a>&nbsp;sử dụng nam ch&acirc;m để cố định khi m&aacute;y ở trạng th&aacute;i gấp lại, thao t&aacute;c mở ra cũng kh&aacute; dễ d&agrave;ng.</p>\r\n<p><img class=\"lazy\" title=\"Samsung Galaxy Fold m&agrave;n h&igrave;nh gập\" src=\"https://cdn.tgdd.vn/Files/2019/03/23/1156488/o1_800x450.jpg\" alt=\"Samsung Galaxy Fold m&agrave;n h&igrave;nh gập\" data-src=\"https://cdn.tgdd.vn/Files/2019/03/23/1156488/o1_800x450.jpg\" /></p>\r\n<p>Điểm hạn chế của d&ograve;ng Galaxy Fold đời đầu n&agrave;y l&agrave; khi gấp m&agrave;n h&igrave;nh lại vẫn c&ograve;n khoảng trống nhỏ, như vậy c&oacute; thể gặp t&igrave;nh trạng bụi, c&aacute;t v&ocirc; t&igrave;nh rơi v&agrave;o m&aacute;y g&acirc;y trầy xước, n&ecirc;n bạn cũng cần sử dụng cẩn thận.</p>\r\n<p><img class=\"lazy\" title=\"Samsung Galaxy Fold bản lề gập\" src=\"https://cdn.tgdd.vn/Files/2019/08/04/1183808/samsung-galaxy-fold-1_1280x720-800-resize.jpg\" alt=\"Samsung Galaxy Fold bản lề gập\" data-src=\"https://cdn.tgdd.vn/Files/2019/08/04/1183808/samsung-galaxy-fold-1_1280x720-800-resize.jpg\" /></p>\r\n<h3>2 m&agrave;n h&igrave;nh AMOLED si&ecirc;u đẹp</h3>\r\n<p>Ở chế độ phone (điện thoại) m&aacute;y ở trạng th&aacute;i gấp lại v&agrave; sử dụng m&agrave;n h&igrave;nh phụ c&oacute; k&iacute;ch thước nhỏ chỉ 4.6 inch, c&ocirc;ng nghệ Super AMOLED sắc n&eacute;t v&agrave; sống động, tuy nhi&ecirc;n bạn c&oacute; thể thấy, ở chế độ th&ocirc;ng thường chỉ c&oacute; 1 v&ugrave;ng m&agrave;n h&igrave;nh được sử dụng để hiển thị, kh&aacute; hạn chế.</p>\r\n<p><img class=\"lazy\" title=\"Samsung Galaxy Fold m&agrave;n h&igrave;nh Super AMOLED\" src=\"https://cdn.tgdd.vn/Files/2019/04/17/1161179/galaxyfold7_800x534.jpg\" alt=\"Samsung Galaxy Fold m&agrave;n h&igrave;nh Super AMOLED\" data-src=\"https://cdn.tgdd.vn/Files/2019/04/17/1161179/galaxyfold7_800x534.jpg\" /></p>\r\n<p>Khi mở ra sử dụng chế độ tablet ch&uacute;ng ta sẽ c&oacute; 1 m&agrave;n h&igrave;nh k&iacute;ch thước lớn 7.3 inch c&ocirc;ng nghệ Dynamic AMOLED mới với độ s&aacute;ng lớn hơn, độ tương phản đạt tỷ lệ 2 triệu : 1, độ phủ m&agrave;u cực rộng như c&aacute;c d&ograve;ng TV QLED v&agrave; hỗ trợ nội dung HDR10+ sống động.</p>\r\n<p><img class=\"lazy\" title=\"Samsung Galaxy Fold chơi game\" src=\"https://cdn.tgdd.vn/Products/Images/42/198158/samsung-galaxy-fold-7.jpg\" alt=\"Samsung Galaxy Fold chơi game\" data-src=\"https://cdn.tgdd.vn/Products/Images/42/198158/samsung-galaxy-fold-7.jpg\" /></p>\r\n<p>Tỉ lệ m&agrave;n h&igrave;nh 3:4 cho cảm gi&aacute;c sử dụng rất kh&aacute;c biệt so với c&aacute;c thiết bị kh&aacute;c tr&ecirc;n thị trường v&agrave; c&aacute;ch hiển thị ứng dụng, n&uacute;t t&iacute;nh năng của kh&aacute;c biệt hơn rất nhiều, cho ph&eacute;p sử dụng 3 ứng dụng c&ugrave;ng l&uacute;c thay v&igrave; chỉ 2 như c&aacute;c m&aacute;y Samsung trước đ&acirc;y.</p>\r\n<p><img class=\"lazy\" title=\"Samsung Galaxy Fold m&agrave;n h&igrave;nh lớn\" src=\"https://cdn.tgdd.vn/Files/2019/09/20/1200154/galaxy-fold_800x450.jpg\" alt=\"Samsung Galaxy Fold m&agrave;n h&igrave;nh lớn\" data-src=\"https://cdn.tgdd.vn/Files/2019/09/20/1200154/galaxy-fold_800x450.jpg\" /></p>\r\n<h3>3 camera ch&iacute;nh v&agrave; 3 camera selfie</h3>\r\n<p>V&igrave; thiết kế độc lạ n&ecirc;n bộ camera của Galaxy Fold cũng \"kh&ocirc;ng giống ai\". Ch&uacute;ng ta c&oacute; đến 6 camera được bố tr&iacute; ở nhiều vị tr&iacute; tr&ecirc;n m&aacute;y để ph&ugrave; hợp cho cả 2 chế độ sử dụng. Đầu ti&ecirc;n l&agrave; 1 camera 10 MP ở phần m&agrave;n h&igrave;nh phụ hiển thị hỗ trợ khả năng selfie.</p>\r\n<p><img class=\"lazy\" title=\"Samsung Galaxy Fold camera selfie\" src=\"https://cdn.tgdd.vn/Products/Images/42/198158/samsung-galaxy-fold-2.jpg\" alt=\"Samsung Galaxy Fold camera selfie\" data-src=\"https://cdn.tgdd.vn/Products/Images/42/198158/samsung-galaxy-fold-2.jpg\" /></p>',50000000,2,NULL,60000000,'2020-01-06 23:28:30',43,NULL,NULL,200000,NULL,NULL,NULL),(2166,'Điện thoại Samsung Galaxy Note 10','2Lì xì 3 triệu qua quà tặng Galaxy ','7/1/2020\n\n\n\nThời gian bổ sung:\n\n7/1/2020<h3>L&agrave; một trong số &iacute;t c&aacute;c flagship được mong đợi nhất của năm,&nbsp;<a title=\"Tham khảo gi&aacute; điện thoại Samsung Galaxy Note 10 ch&iacute;nh h&atilde;ng, gi&aacute; rẻ\" href=\"https://www.dienmayxanh.com/dien-thoai/samsung-galaxy-note-10\" target=\"_blank\" rel=\"noopener\" type=\"Tham khảo gi&aacute; điện thoại Samsung Galaxy Note 10 ch&iacute;nh h&atilde;ng, gi&aacute; rẻ\">Samsung Galaxy Note 10</a>&nbsp;g&acirc;y ấn tượng với sự thay đổi mạnh mẽ từ t&iacute;nh năng của b&uacute;t S Pen, camera, kiểu d&aacute;ng cho tới m&agrave;u sắc b&ecirc;n ngo&agrave;i.</h3>\r\n<h3>B&uacute;t S Pen c&agrave;ng ng&agrave;y c&agrave;ng th&ocirc;ng minh</h3>\r\n<p>S Pen l&agrave; biểu tượng đặc trưng của d&ograve;ng Samsung Galaxy Note m&agrave; kh&ocirc;ng phải h&atilde;ng n&agrave;o cũng c&oacute; thể sở hữu được.</p>\r\n<p><img class=\"lazy\" title=\"Điện thoại Samsung Galaxy Note 10 | Khe cắm S Pen tr&ecirc;n th&acirc;n m&aacute;y\" src=\"https://cdn.tgdd.vn/Products/Images/42/191276/samsung-galaxy-note-10-34.jpg\" alt=\"Điện thoại Samsung Galaxy Note 10 | Khe cắm S Pen tr&ecirc;n th&acirc;n m&aacute;y\" data-src=\"https://cdn.tgdd.vn/Products/Images/42/191276/samsung-galaxy-note-10-34.jpg\" /></p>\r\n<p>Mỗi năm ra mắt, d&ograve;ng Note lại được cải tiến nhiều hơn ở \"biểu tượng\" n&agrave;y v&agrave; với năm nay, ngo&agrave;i việc được t&iacute;ch hợp kết nối Bluetooth, S Pen c&ograve;n được cải tiến ở phần cảm biến gia tốc v&agrave; cảm biến con quay hồi chuyển, n&acirc;ng cao trải nghiệm người d&ugrave;ng.</p>\r\n<p><img class=\"lazy\" title=\"Điện thoại Samsung Galaxy Note 10 | Trải nghiệm b&uacute;t S Pen\" src=\"https://cdn.tgdd.vn/Products/Images/42/191276/samsung-galaxy-note-10-40.jpg\" alt=\"Điện thoại Samsung Galaxy Note 10 | Trải nghiệm b&uacute;t S Pen\" data-src=\"https://cdn.tgdd.vn/Products/Images/42/191276/samsung-galaxy-note-10-40.jpg\" /></p>\r\n<p>Chỉ cần điều khiển S Pen l&ecirc;n hoặc xuống, bạn đ&atilde; c&oacute; thể tăng giảm &acirc;m lượng m&agrave; kh&ocirc;ng cần chạm v&agrave;o n&uacute;t vật l&yacute;.</p>\r\n<p>Hay di chuyển S Pen theo chiều kim đồng hồ hoặc theo chiều ngược lại khi sử dụng camera trước để thay đổi kiểu chụp: Chụp nh&oacute;m, chụp ch&acirc;n dung b&igrave;nh thường, chụp to&agrave;n cảnh,...</p>\r\n<p><img class=\"lazy\" title=\"Điện thoại Samsung Galaxy Note 10 | C&aacute;c t&iacute;nh năng tr&ecirc;n b&uacute;t S Pen\" src=\"https://cdn.tgdd.vn/Products/Images/42/191276/samsung-galaxy-note-10-35.jpg\" alt=\"Điện thoại Samsung Galaxy Note 10 | C&aacute;c t&iacute;nh năng tr&ecirc;n b&uacute;t S Pen\" data-src=\"https://cdn.tgdd.vn/Products/Images/42/191276/samsung-galaxy-note-10-35.jpg\" /></p>\r\n<p>Ngo&agrave;i ra S Pen c&ograve;n l&agrave;m được rất nhiều điều th&ocirc;ng minh kh&aacute;c như chuyển chữ viết tay sang kiểu chữ văn bản; c&agrave;i đặt thay đổi m&agrave;u mực, độ d&agrave;y n&eacute;t b&uacute;t trong ứng dụng vẽ v&agrave; mới lạ nhất l&agrave; tuỳ &yacute; s&aacute;ng t&aacute;c h&igrave;nh vẽ 3D tạo n&ecirc;n những h&igrave;nh ảnh hoặc video s&aacute;ng tạo.</p>\r\n<p><img class=\"lazy\" title=\"Điện thoại Samsung Galaxy Note 10 | Trải nghiệm b&uacute;t S Pen\" src=\"https://cdn.tgdd.vn/Products/Images/42/191276/samsung-galaxy-note-10-13.JPG\" alt=\"Điện thoại Samsung Galaxy Note 10 | Trải nghiệm b&uacute;t S Pen\" data-src=\"https://cdn.tgdd.vn/Products/Images/42/191276/samsung-galaxy-note-10-13.JPG\" /></p>\r\n<h3>Hệ thống camera mới nhiều c&ocirc;ng nghệ chuy&ecirc;n nghiệp</h3>\r\n<p>N&oacute;i sơ về hệ thống camera sau của Note 10 bao gồm: Ống k&iacute;nh ch&iacute;nh 16 MP hỗ trợ&nbsp;<a title=\"T&igrave;m hiểu t&iacute;nh năng chụp h&igrave;nh g&oacute;c si&ecirc;u rộng tr&ecirc;n điện thoại\" href=\"https://www.dienmayxanh.com/kinh-nghiem-hay/camera-goc-rong-tren-dien-thoai-la-gi-898910\" target=\"_blank\" rel=\"noopener\" type=\"T&igrave;m hiểu t&iacute;nh năng chụp h&igrave;nh g&oacute;c si&ecirc;u rộng tr&ecirc;n điện thoại\">chụp g&oacute;c si&ecirc;u rộng</a>&nbsp;123&deg;, 12 MP chụp g&oacute;c rộng v&agrave; ống k&iacute;nh tele 12 MP zoom quang học 2x.</p>\r\n<p><img class=\"lazy\" title=\"Điện thoại Samsung Galaxy Note 10 | Ảnh chụp g&oacute;c si&ecirc;u rộng\" src=\"https://cdn.tgdd.vn/Products/Images/42/191276/samsung-galaxy-note-10-44.jpg\" alt=\"Điện thoại Samsung Galaxy Note 10 | Ảnh chụp g&oacute;c si&ecirc;u rộng\" data-src=\"https://cdn.tgdd.vn/Products/Images/42/191276/samsung-galaxy-note-10-44.jpg\" /></p>\r\n<p>Samsung Galaxy Note 10 nay đ&atilde; c&oacute; thể tạo ra được những video xo&aacute; ph&ocirc;ng, l&agrave;m mờ hậu cảnh bằng hiệu ứng bokeh \"chuẩn phim\".</p>\r\n<p>Chế độ si&ecirc;u chống rung OIS c&ugrave;ng camera c&oacute; phần mềm dự đo&aacute;n chuyển động, giảm thiểu tối đa rung lắc khi quay, đem lại những thước phim ổn định, mượt m&agrave; v&agrave; tự nhi&ecirc;n nhất.</p>\r\n<p><img class=\"lazy\" title=\"Điện thoại Samsung Galaxy Note 10 | Ảnh chụp ch&acirc;n dung camera sau\" src=\"https://cdn.tgdd.vn/Products/Images/42/191276/samsung-galaxy-note-10-43.jpg\" alt=\"Điện thoại Samsung Galaxy Note 10 | Ảnh chụp ch&acirc;n dung camera sau\" data-src=\"https://cdn.tgdd.vn/Products/Images/42/191276/samsung-galaxy-note-10-43.jpg\" /></p>\r\n<p>Khẩu độ k&eacute;p tr&ecirc;n m&aacute;y tự động tối ưu ho&aacute; &aacute;nh s&aacute;ng, đem lại h&igrave;nh ảnh s&aacute;ng hơn, r&otilde; n&eacute;t hơn v&agrave; kh&ocirc;ng c&ograve;n e ngại điều kiện chụp thiếu &aacute;nh s&aacute;ng.</p>',22990000,2,NULL,32990000,'2020-01-06 23:31:53',43,NULL,NULL,100000,NULL,NULL,NULL),(2167,'Đàn Guitar Vọng Cổ VC-350','Eo + lưng: gỗ hồng đào Bắc Phi (gỗ ngoại nhập)','7/1/2020\n\n<p>C&aacute;c g&oacute;c ảnh của Đ&agrave;n Guitar Vọng Cổ VC-350 - Mời xem th&ecirc;m tr&ecirc;n website&nbsp;<a href=\"http://guitarbadon.vn/\">www.GuitarBaDon.Vn</a><br /><br /><img title=\"Đ&agrave;n classic,Đ&agrave;n Guitar Vọng Cổ VC-350 - Guitar classic Ba Đờn\" src=\"http://guitarbadon.vn/Image/ImageLibrary/dan-guitar-vong-co-vc-350-goc-nghieng-phai.jpg\" /><br />C&aacute;c g&oacute;c ảnh của Đ&agrave;n Guitar Vọng Cổ VC-350 - Mời xem th&ecirc;m tr&ecirc;n website&nbsp;<a href=\"http://guitarbadon.vn/\">www.GuitarBaDon.Vn</a><br /><br /><img title=\"Đ&agrave;n classic,Đ&agrave;n Guitar Vọng Cổ VC-350 - Guitar classic Ba Đờn\" src=\"http://guitarbadon.vn/Image/ImageLibrary/dan-guitar-vong-co-vc-350-mat-truoc-sau.jpg\" /><br />C&aacute;c g&oacute;c ảnh của Đ&agrave;n Guitar Vọng Cổ VC-350 - Mời xem th&ecirc;m tr&ecirc;n website&nbsp;<a href=\"http://guitarbadon.vn/\">www.GuitarBaDon.Vn</a><br /><br /></p>\r\n<div>&nbsp;</div>\r\n<p><img title=\"Đ&agrave;n classic,Đ&agrave;n Guitar Vọng Cổ VC-350 - Guitar classic Ba Đờn\" src=\"http://guitarbadon.vn/Image/ImageLibrary/dan-guitar-vong-co-vc-350-goc-nghieng-trai.jpg\" /><br />C&aacute;c g&oacute;c ảnh của Đ&agrave;n Guitar Vọng Cổ VC-350 - Mời xem th&ecirc;m tr&ecirc;n website&nbsp;<a href=\"http://guitarbadon.vn/\">www.GuitarBaDon.Vn</a><br /><br /><img title=\"Đ&agrave;n classic,Đ&agrave;n Guitar Vọng Cổ VC-350 - Guitar classic Ba Đờn\" src=\"http://guitarbadon.vn/Image/ImageLibrary/dan-guitar-vong-co-vc-350-mat-truoc-2.jpg\" /><br />C&aacute;c g&oacute;c ảnh của Đ&agrave;n Guitar Vọng Cổ VC-350 - Mời xem th&ecirc;m tr&ecirc;n website&nbsp;<a href=\"http://guitarbadon.vn/\">www.GuitarBaDon.Vn</a><br /><br /></p>\r\n<div>&nbsp;</div>\r\n<p><img title=\"Đ&agrave;n classic,Đ&agrave;n Guitar Vọng Cổ VC-350 - Guitar classic Ba Đờn\" src=\"http://guitarbadon.vn/Image/ImageLibrary/dan-guitar-vong-co-vc-350-mat-sau-1.jpg\" /><br />C&aacute;c g&oacute;c ảnh của Đ&agrave;n Guitar Vọng Cổ VC-350 - Mời xem th&ecirc;m tr&ecirc;n websi</p>',5600000,2,NULL,5000000,'2020-01-07 01:12:25',43,44,NULL,200000,8,'bidder2',NULL),(2168,'Đàn guitar classic C-450-J','Cần: gỗ giá tỵ , có ty chống cong cần','7/1/2020\n\n<div><strong>Chất liệu gỗ của Đ&agrave;n guitar classic</strong>: được l&agrave;m bằng gỗ điệp, được l&agrave;m từ gỗ hồng đ&agrave;o; guitar gỗ cẩm lai, gỗ th&ocirc;ng tự nhi&ecirc;n, guitar gỗ bằng lăng, gỗ koa, gỗ lim, gỗ maple, gỗ c&ograve;ng coong, v&aacute;n &eacute;p, gỗ sitka cedar,...<br /><strong>Gi&aacute; đ&agrave;n guitar classic</strong>: c&oacute; loại trung b&igrave;nh rẻ từ (800,000đ) đến cao cấp (25,000,00đ)<br /><strong>Guitar Ba Đờn</strong>&nbsp;l&agrave; thương hiệu uy t&iacute;n h&agrave;ng đầu do sản phẩm đ&agrave;n guitar được sản xuất tận xưởng đ&agrave;n danh tiếng l&acirc;u đời. H&agrave;ng tận xưởng n&ecirc;n b&aacute;n gi&aacute; gốc, gi&aacute; tốt nhất thị trường. Ba đờn l&agrave; xưởng cơ sở nơi sản xuất đ&agrave;n trực tiếp theo nghề thủ c&ocirc;ng truyền thống đ&atilde; nổi tiếng l&acirc;u đời. Đồng thời, Ba Đờn cũng c&oacute; showroom &nbsp;(shop cửa h&agrave;ng tiệm&nbsp;) chuy&ecirc;n mua b&aacute;n kinh doanh v&agrave; ph&acirc;n phối đ&agrave;n guitar, nhạc cụ đờn gi&aacute; sỉ v&agrave; lẻ trong to&agrave;n quốc.</div>\r\n<p><img title=\"Đ&agrave;n classic,Đ&agrave;n guitar classic C-450-J - Guitar classic Ba Đờn\" src=\"http://guitarbadon.vn/Image/ImageLibrary/dan-guitar-classic-c-450-j-mat-truoc-nam.jpg\" /><br />C&aacute;c g&oacute;c ảnh của Đ&agrave;n guitar classic C-450-J - Mời xem th&ecirc;m tr&ecirc;n website&nbsp;<a href=\"http://guitarbadon.vn/\">www.GuitarBaDon.Vn</a><br /><br /><img title=\"Đ&agrave;n classic,Đ&agrave;n guitar classic C-450-J - Guitar classic Ba Đờn\" src=\"http://guitarbadon.vn/Image/ImageLibrary/dan-guitar-classic-c-450-j-mat-dung-nghieng.jpg\" /><br />C&aacute;c g&oacute;c ảnh của Đ&agrave;n guitar classic C-450-J - Mời xem th&ecirc;m tr&ecirc;n website&nbsp;<a href=\"http://guitarbadon.vn/\">www.GuitarBaDon.Vn</a><br /><br /><img title=\"Đ&agrave;n classic,Đ&agrave;n guitar classic C-450-J - Guitar classic Ba Đờn\" src=\"http://guitarbadon.vn/Image/ImageLibrary/dan-guitar-classic-c-450-j-thang-dung-truoc-sau.jpg\" /><br />C&aacute;c g&oacute;c ảnh của Đ&agrave;n guitar classic C-450-J - Mời xem th&ecirc;m tr&ecirc;n website&nbsp;<a href=\"http://guitarbadon.vn/\">www.GuitarBaDon.Vn</a><br /><br /></p>\r\n<div>&nbsp;</div>\r\n<p><img title=\"Đ&agrave;n classic,Đ&agrave;n guitar classic C-450-J - Guitar classic Ba Đờn\" src=\"http://guitarbadon.vn/Image/ImageLibrary/dan-guitar-classic-c-450-j-mat-truoc-nghieng-45.jpg\" /><br />C&aacute;c g&oacute;c ảnh của Đ&agrave;n guitar classic C-450-J - Mời xem th&ecirc;m tr&ecirc;n website&nbsp;<a href=\"http://guitarbadon.vn/\">www.GuitarBaDon.Vn</a><br /><br /><img title=\"Đ&agrave;n classic,Đ&agrave;n guitar classic C-450-J - Guitar classic Ba Đờn\" src=\"http://guitarbadon.vn/Image/ImageLibrary/dan-guitar-classic-c-450-j-bung-dan-mat-truoc.jpg\" /><br />C&aacute;c g&oacute;c ảnh của Đ&agrave;n guitar classic C-450-J - Mời xem th&ecirc;m tr&ecirc;n website&nbsp;<a href=\"http://guitarbadon.vn/\">www.GuitarBaDon.Vn</a><br /><br /></p>\r\n<div>&nbsp;</div>\r\n<p><img title=\"Đ&agrave;n classic,Đ&agrave;n guitar classic C-450-J - Guitar classic Ba Đờn\" src=\"http://guitarbadon.vn/Image/ImageLibrary/dan-guitar-classic-c-450-j-bung-dan-mat-sau.jpg\" /><br />C&aacute;c g&oacute;c ảnh của Đ&agrave;n guitar classic C-450-J - Mời xem th&ecirc;m tr&ecirc;n website&nbsp;<a href=\"http://guitarbadon.vn/\">www.GuitarBaDon.Vn</a><br /><br /><img title=\"Đ&agrave;n classic,Đ&agrave;n guitar classic C-450-J - Guitar classic Ba Đờn\" src=\"http://guitarbadon.vn/Image/ImageLibrary/dan-guitar-classic-c-450-j-mat-truoc-2.jpg\" /><br />C&aacute;c g&oacute;c ảnh của Đ&agrave;n guitar classic C-450-J - Mời xem th&ecirc;m tr&ecirc;n website&nbsp;<a href=\"http://guitarbadon.vn/\">www.GuitarBaDon.Vn</a></p>',4600000,35,NULL,6000000,'2020-01-07 01:34:56',43,42,NULL,200000,3,'bidder1',NULL),(2169,'Đàn Guitar Acoustic J-550-C Còng','Cần: gỗ giá tỵ , có ty chống cong cần','7/1/2020\n\n<p>C&aacute;c g&oacute;c ảnh của Đ&agrave;n Guitar Acoustic J-550-C C&ograve;ng - Mời xem th&ecirc;m tr&ecirc;n website&nbsp;<a href=\"http://guitarbadon.vn/\">www.GuitarBaDon.Vn</a><br /><br /><img title=\"Đ&agrave;n classic,Đ&agrave;n Guitar Acoustic J-550-C C&ograve;ng - Guitar classic Ba Đờn\" src=\"http://guitarbadon.vn/Image/ImageLibrary/dan-guitar-acoustic-j-550-c-cong-goc-nghieng-phai.jpg\" /><br />C&aacute;c g&oacute;c ảnh của Đ&agrave;n Guitar Acoustic J-550-C C&ograve;ng - Mời xem th&ecirc;m tr&ecirc;n website&nbsp;<a href=\"http://guitarbadon.vn/\">www.GuitarBaDon.Vn</a><br /><br /><img title=\"Đ&agrave;n classic,Đ&agrave;n Guitar Acoustic J-550-C C&ograve;ng - Guitar classic Ba Đờn\" src=\"http://guitarbadon.vn/Image/ImageLibrary/dan-guitar-acoustic-j-550-c-cong-mat-truoc-sau.jpg\" /><br />C&aacute;c g&oacute;c ảnh của Đ&agrave;n Guitar Acoustic J-550-C C&ograve;ng - Mời xem th&ecirc;m tr&ecirc;n website&nbsp;<a href=\"http://guitarbadon.vn/\">www.GuitarBaDon.Vn</a><br /><br /></p>\r\n<div>&nbsp;</div>\r\n<p><img title=\"Đ&agrave;n classic,Đ&agrave;n Guitar Acoustic J-550-C C&ograve;ng - Guitar classic Ba Đờn\" src=\"http://guitarbadon.vn/Image/ImageLibrary/dan-guitar-acoustic-j-550-c-cong-goc-nghieng-trai.jpg\" /><br />C&aacute;c g&oacute;c ảnh của Đ&agrave;n Guitar Acoustic J-550-C C&ograve;ng - Mời xem th&ecirc;m tr&ecirc;n website&nbsp;<a href=\"http://guitarbadon.vn/\">www.GuitarBaDon.Vn</a><br /><br /><img title=\"Đ&agrave;n classic,Đ&agrave;n Guitar Acoustic J-550-C C&ograve;ng - Guitar classic Ba Đờn\" src=\"http://guitarbadon.vn/Image/ImageLibrary/dan-guitar-acoustic-j-550-c-cong-mat-truoc-2.jpg\" /><br />C&aacute;c g&oacute;c ảnh của Đ&agrave;n Guitar Acoustic J-550-C C&ograve;ng - Mời xem th&ecirc;m tr&ecirc;n website&nbsp;<a href=\"http://guitarbadon.vn/\">www.GuitarBaDon.Vn</a><br /><br /></p>\r\n<div>&nbsp;</div>\r\n<p><img title=\"Đ&agrave;n classic,Đ&agrave;n Guitar Acoustic J-550-C C&ograve;ng - Guitar classic Ba Đờn\" src=\"http://guitarbadon.vn/Image/ImageLibrary/dan-guitar-acoustic-j-550-c-cong-mat-sau-1.jpg\" /><br />C&aacute;c g&oacute;c ảnh của Đ&agrave;n Guitar Acoustic J-550-C C&ograve;ng - Mời xem th&ecirc;m tr&ecirc;n website&nbsp;<a href=\"http://guitarbadon.vn/\">www.GuitarBaDon.Vn</a><br /><br /><img title=\"Đ&agrave;n classic,Đ&agrave;n Guitar Acoustic J-550-C C&ograve;ng - Guitar classic Ba Đờn\" src=\"http://guitarbadon.vn/Image/ImageLibrary/dan-guitar-acoustic-j-550-c-cong-mat-truoc-3.jpg\" /></p>',3000000,35,NULL,5000000,'2020-01-07 01:45:26',43,NULL,NULL,100000,NULL,NULL,NULL),(2170,'Đàn Guitar Acoustic Martin 400','Eo + lưng: gỗ hồng đào Bắc Phi (gỗ ngoại nhập)','7/1/2020\n\n<p>C&aacute;c g&oacute;c ảnh của Đ&agrave;n Guitar Acoustic Martin 400 - Mời xem th&ecirc;m Đ&agrave;n guitar d&agrave;nh cho em b&eacute; tr&ecirc;n website&nbsp;<a href=\"http://guitarbadon.vn/\">www.GuitarBaDon.Vn</a><br /><br /><img title=\"Đ&agrave;n classic,Đ&agrave;n Guitar Acoustic Martin 400 - Guitar classic Ba Đờn\" src=\"http://guitarbadon.vn/Image/ImageLibrary/dan-guitar-acoustic-martin-400-goc-1.jpg\" /><br />C&aacute;c g&oacute;c ảnh của Đ&agrave;n Guitar Acoustic Martin 400 - Mời xem th&ecirc;m Đ&agrave;n guitar H&agrave; Nội tr&ecirc;n website&nbsp;<a href=\"http://guitarbadon.vn/\">www.GuitarBaDon.Vn</a><br /><br /><img title=\"Đ&agrave;n classic,Đ&agrave;n Guitar Acoustic Martin 400 - Guitar classic Ba Đờn\" src=\"http://guitarbadon.vn/Image/ImageLibrary/dan-guitar-acoustic-martin-400-goc-2.jpg\" /><br />C&aacute;c g&oacute;c ảnh của Đ&agrave;n Guitar Acoustic Martin 400 - Mời xem th&ecirc;m Guitar TpHCM tr&ecirc;n website&nbsp;<a href=\"http://guitarbadon.vn/\">www.GuitarBaDon.Vn</a><br /><br /></p>\r\n<div><strong>Guitar acoustic h&agrave; nội</strong>:&nbsp;Bạn l&agrave; người đam m&ecirc; đ&agrave;n acoustic nhưng hiện tại bạn chưa t&igrave;m được cho m&igrave;nh địa điểm mua đ&agrave;n Acoustic uy t&iacute;nh chất lượng? Guitar Ba Đờn với kinh nghiệm l&agrave;m đ&agrave;n được truyền qua ba đời, bạn c&oacute; thể chọn mua cho m&igrave;nh đ&agrave;n guitar acoustic h&agrave; nội tại S&agrave;i G&ograve;n, bạn c&oacute; thể đặt mua đ&agrave;n online tr&ecirc;n website của guitar Ba Đờn để thỏa m&atilde;n niềm đam m&ecirc; với &acirc;m nhạc của m&igrave;nh. Guitar Ba Đờn cung cấp th&ocirc;ng tin Guitar acoustic h&agrave; nội ở Huyện Nh&agrave; B&egrave;, TPHCM<br /><strong>Guitar acoustic tphcm</strong>:&nbsp;Guitar acoustic tại tphcm chắc hẳn &iacute;t ai kh&ocirc;ng biết danh tiếng của cơ sở l&agrave;m nghề đ&agrave;n nổi tiếng guitar Ba Đờn.&nbsp;Chủ cơ sở sản xuất đ&agrave;n guitar duy nhất của l&agrave;ng nghề l&agrave;m đ&agrave;n thủ c&ocirc;ng tồn tại hơn nửa thế kỷ c&ograve;n s&oacute;t lại ở TP. Hồ Ch&iacute; Minh l&agrave; của &ocirc;ng Nguyễn Văn Tr&acirc;n, t&ecirc;n thường gọi l&agrave; Ba &ldquo;Đờn&rdquo; (sinh năm 1953, qu&ecirc; qu&aacute;n ở Giồng Tr&ocirc;m &ndash; Bến Tre).Hiện nay cơ sở sản xuất đ&agrave;n của &ocirc;ng Ba Đờn nằm trong con hẻm 84 ở đường Đo&agrave;n Văn Bơ, phường 14, quận 4, TP. HCM. Gia đ&igrave;nh &ocirc;ng Sơn c&oacute; 7 người con (2 g&aacute;i v&agrave; 5 trai) v&agrave; hiện nay, bảy người con của &ocirc;ng Sơn đều theo nghề l&agrave;m đ&agrave;n. Guitar Ba Đờn cung cấp th&ocirc;ng tin Guitar acoustic tphcm ở Huyện Cần Giờ, TPHCM<br /><br /></div>\r\n<p><img title=\"Đ&agrave;n classic,Đ&agrave;n Guitar Acoustic Martin 400 - Guitar classic Ba Đờn\" src=\"http://guitarbadon.vn/Image/ImageLibrary/dan-guitar-acoustic-martin-400-goc-3.jpg\" /><br />C&aacute;c g&oacute;c ảnh của Đ&agrave;n Guitar Acoustic Martin 400 - Mời xem th&ecirc;m Guitar cho người mới học tr&ecirc;n website&nbsp;<a href=\"http://guitarbadon.vn/\">www.GuitarBaDon.Vn</a><br /><br /><img title=\"Đ&agrave;n classic,Đ&agrave;n Guitar Acoustic Martin 400 - Guitar classic Ba Đờn\" src=\"http://guitarbadon.vn/Image/ImageLibrary/dan-guitar-acoustic-martin-400-goc-4.jpg\" /><br />C&aacute;c g&oacute;c ảnh của Đ&agrave;n Guitar Acoustic Martin 400 - Mời xem th&ecirc;m B&aacute;n đ&agrave;n guitar tr&ecirc;n website&nbsp;<a href=\"http://guitarbadon.vn/\">www.GuitarBaDon.Vn</a><br /><br /></p>\r\n<div><strong>Đ&agrave;n guitar acoustic cho người mới chơi</strong>:&nbsp;Hiện nay với x&atilde; hội ng&agrave;y c&agrave;ng văn minh v&agrave; ph&aacute;t triển th&igrave; việc xuất hiện c&aacute;c d&ograve;ng đ&agrave;n guitar l&agrave; kh&aacute; nhiều, v&igrave; thế rất kh&oacute; khăn cho c&aacute;c bạn mới chơi đ&agrave;n c&oacute; thể t&igrave;m được 1 c&acirc;y đ&agrave;n guitar gi&aacute; rẻ v&agrave; chất lượng để học chơi. Đ&acirc;y l&agrave; 1 trong c&aacute;c c&acirc;u hỏi đang được nhiều người quan t&acirc;m nhất. Đ&agrave;n guitar acoustic cho người mới chơi bạn c&oacute; thể đến với guitar Ba Đờn để t&igrave;m hiểu t&igrave;m cho m&igrave;nh c&acirc;y đ&agrave;n th&iacute;ch hợp. V&agrave; để gi&uacute;p cả nh&agrave; giải quyết vấn đề tr&ecirc;n th&igrave; h&ocirc;m nay nhạc cụ vũ uy&ecirc;n của ch&uacute;ng t&ocirc;i xin hướng dẫn v&agrave; chia sẽ tới cả nh&agrave; 1 b&agrave;i viết mang t&ecirc;n c&aacute;ch mua đ&agrave;n guitar acoustic gi&aacute; bao nhi&ecirc;u cho người mới biết chơi. Guitar Ba Đờn b&aacute;n Đ&agrave;n guitar acoustic cho người mới chơi ở quận 6, TPHCM<br /><strong>Đ&agrave;n guitar acoustic H&agrave; Nội</strong>:&nbsp;Nổi tiếng trong S&agrave;i G&ograve;n với danh tiếng nghề l&agrave;m đờn guitar truyền thống, Những người y&ecirc;u đ&agrave;n guitar acoustic H&agrave; Nội c&oacute; thể t&igrave;m v&agrave; chọn cho m&igrave;nh một chiếc đ&agrave;n ưng &yacute; tại website của Ba Đờn: guitarbadon.vn. Trong cuốn &ldquo;Những l&agrave;ng nghề thủ c&ocirc;ng truyền thống ở Tp. Hồ Ch&iacute; Minh&rdquo;, &ocirc;ng Trần Văn S&ocirc; được coi l&agrave; người đ&atilde; khai sinh ra l&agrave;ng nghề l&agrave;m đ&agrave;n truyền thống của Tp.HCM. &Ocirc;ng S&ocirc; sinh năm 1928 ở Nam Định, sau di cư v&agrave;o S&agrave;i G&ograve;n l&agrave;m nghề mộc ở khu vực T&ocirc;n Đản, quận 4. Khoảng năm 1950, &ocirc;ng chuyển hẳn sang nghề chế tạo đ&agrave;n guitar, đ&agrave;o tạo nhiều thợ l&agrave;m đ&agrave;n l&agrave;nh nghề n&ecirc;n trở th&agrave;nh l&agrave;ng nghề. Guitar Ba Đờn cung cấp th&ocirc;ng tin Đ&agrave;n guitar acoustic H&agrave; Nội ở quận T&acirc;n Ph&uacute;, TPHCM<br /><br /></div>\r\n<p><img title=\"Đ&agrave;n classic,Đ&agrave;n Guitar Acoustic Martin 400 - Guitar classic Ba Đờn\" src=\"http://guitarbadon.vn/Image/ImageLibrary/dan-guitar-acoustic-martin-400-goc-5.jpg\" /><br />C&aacute;c g&oacute;c ảnh của Đ&agrave;n Guitar Acoustic Martin 400 - Mời xem th&ecirc;m Mua đ&agrave;n guitar ở đ&acirc;u tr&ecirc;n website&nbsp;<a href=\"http://guitarbadon.vn/\">www.GuitarBaDon.Vn</a></p>',2000000,35,NULL,4000000,'2020-01-07 01:48:10',43,NULL,NULL,100000,NULL,NULL,NULL),(2171,'Đàn Guitar Acoustic Taylor 350 - T350','Cần: gỗ giá tỵ , có ty chống cong cần','7/1/2020\n\n<p>C&aacute;c g&oacute;c ảnh của Đ&agrave;n Guitar Acoustic Taylor 350 - T350 - Mời xem th&ecirc;m tr&ecirc;n website&nbsp;<a href=\"http://guitarbadon.vn/\">www.GuitarBaDon.Vn</a><br /><br /><img title=\"Đ&agrave;n classic,Đ&agrave;n Guitar Acoustic Taylor 350 - T350 - Guitar classic Ba Đờn\" src=\"http://guitarbadon.vn/Image/ImageLibrary/dan-guitar-acoustic-taylor-350---t350-goc-nghieng-phai.jpg\" /><br />C&aacute;c g&oacute;c ảnh của Đ&agrave;n Guitar Acoustic Taylor 350 - T350 - Mời xem th&ecirc;m tr&ecirc;n website&nbsp;<a href=\"http://guitarbadon.vn/\">www.GuitarBaDon.Vn</a><br /><br /><img title=\"Đ&agrave;n classic,Đ&agrave;n Guitar Acoustic Taylor 350 - T350 - Guitar classic Ba Đờn\" src=\"http://guitarbadon.vn/Image/ImageLibrary/dan-guitar-acoustic-taylor-350---t350-mat-truoc-sau.jpg\" /><br />C&aacute;c g&oacute;c ảnh của Đ&agrave;n Guitar Acoustic Taylor 350 - T350 - Mời xem th&ecirc;m tr&ecirc;n website&nbsp;<a href=\"http://guitarbadon.vn/\">www.GuitarBaDon.Vn</a><br /><br /></p>\r\n<div>&nbsp;</div>\r\n<p><img title=\"Đ&agrave;n classic,Đ&agrave;n Guitar Acoustic Taylor 350 - T350 - Guitar classic Ba Đờn\" src=\"http://guitarbadon.vn/Image/ImageLibrary/dan-guitar-acoustic-taylor-350---t350-goc-nghieng-trai.jpg\" /><br />C&aacute;c g&oacute;c ảnh của Đ&agrave;n Guitar Acoustic Taylor 350 - T350 - Mời xem th&ecirc;m tr&ecirc;n website&nbsp;<a href=\"http://guitarbadon.vn/\">www.GuitarBaDon.Vn</a><br /><br /><img title=\"Đ&agrave;n classic,Đ&agrave;n Guitar Acoustic Taylor 350 - T350 - Guitar classic Ba Đờn\" src=\"http://guitarbadon.vn/Image/ImageLibrary/dan-guitar-acoustic-taylor-350---t350-mat-truoc-2.jpg\" /><br />C&aacute;c g&oacute;c ảnh của Đ&agrave;n Guitar Acoustic Taylor 350 - T350 - Mời xem th&ecirc;m tr&ecirc;n website&nbsp;<a href=\"http://guitarbadon.vn/\">www.GuitarBaDon.Vn</a><br /><br /></p>\r\n<div>&nbsp;</div>\r\n<p><img title=\"Đ&agrave;n classic,Đ&agrave;n Guitar Acoustic Taylor 350 - T350 - Guitar classic Ba Đờn\" src=\"http://guitarbadon.vn/Image/ImageLibrary/dan-guitar-acoustic-taylor-350---t350-mat-sau-1.jpg\" /><br />C&aacute;c g&oacute;c ảnh của Đ&agrave;n Guitar Acoustic Taylor 350 - T350 - Mời xem th&ecirc;m tr&ecirc;n website&nbsp;<a href=\"http://guitarbadon.vn/\">www.GuitarBaDon.Vn</a><br /><br /><img title=\"Đ&agrave;n classic,Đ&agrave;n Guitar Acoustic Taylor 350 - T350 - Guitar classic Ba Đờn\" src=\"http://guitarbadon.vn/Image/ImageLibrary/dan-guitar-acoustic-taylor-350---t350-mat-truoc-3.jpg\" /><br />C&aacute;c g&oacute;c ảnh của Đ&agrave;n Guitar Acoustic Taylor 350 - T350 - Mời xem th&ecirc;m tr&ecirc;n website&nbsp;<a href=\"http://guitarbadon.vn/\">www.GuitarBaDon.Vn</a><br /><br /></p>\r\n<div>&nbsp;</div>\r\n<p><img title=\"Đ&agrave;n classic,Đ&agrave;n Guitar Acoustic Taylor 350 - T350 - Guitar classic Ba Đờn\" src=\"http://guitarbadon.vn/Image/ImageLibrary/dan-guitar-acoustic-taylor-350---t350-mat-sau-2.jpg\" /><br />C&aacute;c g&oacute;c ảnh của Đ&agrave;n Guitar Acoustic Taylor 350 - T350 - Mời xem th&ecirc;m tr&ecirc;n website&nbsp;<a href=\"http://guitarbadon.vn/\">www.GuitarBaDon.Vn</a></p>',4200000,35,NULL,6000000,'2020-01-07 01:52:01',43,42,NULL,200000,1,'bidder1',NULL),(2172,'Đàn Ukulele','Khóa: Taiwan','7/1/2020\n\n<p>C&aacute;c g&oacute;c ảnh của Đ&agrave;n Ukulele - Mời xem th&ecirc;m Đ&agrave;n guitar d&agrave;nh cho người mới học tr&ecirc;n website&nbsp;<a href=\"http://guitarbadon.vn/\">www.GuitarBaDon.Vn</a><br /><br /><img title=\"Đ&agrave;n classic,Đ&agrave;n Ukulele - Guitar classic Ba Đờn\" src=\"http://guitarbadon.vn/Image/ImageLibrary/dan-ukulele-2.jpg\" /><br />C&aacute;c g&oacute;c ảnh của Đ&agrave;n Ukulele - Mời xem th&ecirc;m Mua đ&agrave;n guitar tr&ecirc;n website&nbsp;<a href=\"http://guitarbadon.vn/\">www.GuitarBaDon.Vn</a><br /><br /><img title=\"Đ&agrave;n classic,Đ&agrave;n Ukulele - Guitar classic Ba Đờn\" src=\"http://guitarbadon.vn/Image/ImageLibrary/dan-ukulele-3.jpg\" /><br />C&aacute;c g&oacute;c ảnh của Đ&agrave;n Ukulele - Mời xem th&ecirc;m Sửa đ&agrave;n guitar cũ tr&ecirc;n website&nbsp;<a href=\"http://guitarbadon.vn/\">www.GuitarBaDon.Vn</a><br /><br /></p>\r\n<div><strong>Đ&agrave;n guitar acoustic tphcm</strong>:&nbsp;Đối với nghề l&agrave;m đ&agrave;n guitar Acoustic tphcm với tiếng l&agrave;m nghề guitar Ba đời, xưởng sản xuất nhiều thợ thủ c&ocirc;ng l&agrave;nh nghề. Sau bao nhi&ecirc;u năm mở cơ sở l&agrave;m đ&agrave;n tại nh&agrave;, &ocirc;ng Ba Đờn đ&atilde; chuyển đến cơ sở sản xuất mới tr&ecirc;n đường Nguyễn Văn Linh, huyện B&igrave;nh Ch&aacute;nh. Cơ sở n&agrave;y c&oacute; t&ecirc;n Trạng Kiều, hiện &ocirc;ng giao cho người con trai thứ hai l&agrave; anh Nguyễn Văn Trạng quản l&yacute;. Vợ anh Trạng, chị Phạm Thị Thanh Kiều, l&agrave; thợ l&agrave;m đ&agrave;n l&agrave;nh nghề, cũng sinh ra trong một gia đ&igrave;nh l&agrave;m nghề đ&agrave;n truyền thống ở quận 4. Anh Trạng cho biết, nhu cầu chơi đ&agrave;n đang ng&agrave;y c&agrave;ng phổ biến, nhất l&agrave; giới trẻ, sinh vi&ecirc;n, học sinh. Guitar Ba Đờn cung cấp th&ocirc;ng tin Đ&agrave;n guitar acoustic tphcm ở quận T&acirc;n B&igrave;nh, TPHCM<br /><strong>Gi&aacute; đ&agrave;n ukulele</strong>:&nbsp;Hiện nay đ&agrave;n l&agrave; nhạc cụ được nhiều người y&ecirc;u th&iacute;ch hiện nay, mẫu Ukulele mới xuất hiện gần đ&acirc;y nhanh ch&oacute;ng chiếm đc l&ograve;ng y&ecirc;u th&iacute;ch của nhiều người. Bạn c&oacute; thể tham khảo gi&aacute; đ&agrave;n ukulele tr&ecirc;n website của Ba Đờn để chọn lựa cho m&igrave;nh một chiếc đ&agrave;n ưng &yacute; thỏa m&atilde;n đam m&ecirc; của m&igrave;nh.Mua đ&agrave;n Ukulele c&oacute; gi&aacute; bao nhi&ecirc;u kh&ocirc;ng qu&aacute; quan trọng bằng việc lựa chọn đ&agrave;n Ukulele đ&uacute;ng với mục đ&iacute;ch của bạn. Cần x&aacute;c định đ&uacute;ng mục đ&iacute;ch học đ&agrave;n Ukulele l&agrave; g&igrave;?, bạn mua đ&agrave;n dể học, để giải tr&iacute; hay để biểu diễn? Bạn kh&ocirc;ng thể mua một c&acirc;y đ&agrave;n Ukulele cao cấp để luyện ng&oacute;n hoặc chọn một c&acirc;y đ&agrave;n Ukulele gi&aacute; rẻ để biểu diễn. Guitar Ba Đờn cung cấp th&ocirc;ng tin Gi&aacute; đ&agrave;n ukulele ở quận G&ograve; Vấp, TPHCM<br /><br /></div>\r\n<p><img title=\"Đ&agrave;n classic,Đ&agrave;n Ukulele - Guitar classic Ba Đờn\" src=\"http://guitarbadon.vn/Image/ImageLibrary/dan-ukulele-4.jpg\" /><br />C&aacute;c g&oacute;c ảnh của Đ&agrave;n Ukulele - Mời xem th&ecirc;m Cửa h&agrave;ng guitar tr&ecirc;n website&nbsp;<a href=\"http://guitarbadon.vn/\">www.GuitarBaDon.Vn</a><br /><br /><img title=\"Đ&agrave;n classic,Đ&agrave;n Ukulele - Guitar classic Ba Đờn\" src=\"http://guitarbadon.vn/Image/ImageLibrary/dan-ukulele-5.jpg\" /><br />C&aacute;c g&oacute;c ảnh của Đ&agrave;n Ukulele - Mời xem th&ecirc;m Guitar gi&aacute; rẻ tr&ecirc;n website&nbsp;<a href=\"http://guitarbadon.vn/\">www.GuitarBaDon.Vn</a><br /><br /></p>\r\n<div><strong>Guitar acoustic gi&aacute; 2 triệu - những c&acirc;y đ&agrave;n guitar acoustic tốt với 2 triệu</strong>:&nbsp;Gi&aacute; đ&agrave;n guitar tại cửa tiệm guitar Ba Đờn dao động từ khoảng 800 ng&agrave;n đến 7 triệu. Nếu bạn định t&igrave;m mua một c&acirc;y đ&agrave;n với gi&aacute; khoảng từ 2 triệu đến 3 triệu, Ba Đờn h&acirc;n hạnh giới thiệu với bạn một số mẫu đ&agrave;n c&oacute; sẵn tại cửa h&agrave;ng. Với mức gi&aacute; đ&agrave;n guitar acoustic gi&aacute; 2 triệu - những c&acirc;y đ&agrave;n guitar acoustic tốt với 2 triệu: Đ&agrave;n Guitar Acoustic J-200, Đ&agrave;n Guitar Acoustic D-200, Đ&agrave;n Guitar Acoustic J-260,.. Guitar Ba Đờn b&aacute;n Guitar acoustic gi&aacute; 2 triệu - những c&acirc;y đ&agrave;n guitar acoustic tốt với 2 triệu ở quận 7, TPHCM<br /><strong>Đ&agrave;n ukulele h&agrave; nội</strong>:&nbsp;Đ&agrave;n ukulele h&agrave; nội hiện đang ph&aacute;t triển rất phổ biến, đặc biệt l&agrave; ở giới trẻ, đa số c&aacute;c bạn trẻ đều chọn cho m&igrave;nh một loại nhạc cụ ở trong c&aacute;i thời đại &acirc;m nhạc l&ecirc;n ng&ocirc;i hiện nay, nhưng đ&agrave;n ukulele đang l&agrave; đỉnh điểm, một phần v&igrave; phổ biến, một phần v&igrave; đ&agrave;n c&oacute; cấu tr&uacute;c nhỏ gọn nhưng rất bắt mắt người xem cũng như &acirc;m thanh rất hấp dẫn vui nhộn gi&uacute;p thu h&uacute;t người nghe. Guitar Ba Đờn b&aacute;n Đ&agrave;n ukulele h&agrave; nội ở quận 10, TPHCM</div>',1000000,35,NULL,2000000,'2020-01-07 01:53:51',43,NULL,NULL,100000,NULL,NULL,NULL),(2173,'Đàn Guitar Acoustic VE-85','Mặt: gỗ thông','7/1/2020\n\n<p>C&aacute;c g&oacute;c ảnh của Đ&agrave;n Guitar Acoustic VE-85 - Mời xem th&ecirc;m Cửa h&agrave;ng guitar tphcm tr&ecirc;n website&nbsp;<a href=\"http://guitarbadon.vn/\">www.GuitarBaDon.Vn</a><br /><br /><img title=\"Đ&agrave;n classic,Đ&agrave;n Guitar Acoustic VE-85 - Guitar classic Ba Đờn\" src=\"http://guitarbadon.vn/Image/ImageLibrary/dan-guitar-acoustic-ve-85-goc-1.jpg\" /><br />C&aacute;c g&oacute;c ảnh của Đ&agrave;n Guitar Acoustic VE-85 - Mời xem th&ecirc;m Mua đ&agrave;n guitar cho trẻ em tr&ecirc;n website&nbsp;<a href=\"http://guitarbadon.vn/\">www.GuitarBaDon.Vn</a><br /><br /><img title=\"Đ&agrave;n classic,Đ&agrave;n Guitar Acoustic VE-85 - Guitar classic Ba Đờn\" src=\"http://guitarbadon.vn/Image/ImageLibrary/dan-guitar-acoustic-ve-85-goc-2.jpg\" /><br />C&aacute;c g&oacute;c ảnh của Đ&agrave;n Guitar Acoustic VE-85 - Mời xem th&ecirc;m Guitar gi&aacute; rẻ tr&ecirc;n website&nbsp;<a href=\"http://guitarbadon.vn/\">www.GuitarBaDon.Vn</a><br /><br /></p>\r\n<div><strong>Đ&agrave;n guitar acoustic H&agrave; Nội</strong>:&nbsp;Nổi tiếng trong S&agrave;i G&ograve;n với danh tiếng nghề l&agrave;m đờn guitar truyền thống, Những người y&ecirc;u đ&agrave;n guitar acoustic H&agrave; Nội c&oacute; thể t&igrave;m v&agrave; chọn cho m&igrave;nh một chiếc đ&agrave;n ưng &yacute; tại website của Ba Đờn: guitarbadon.vn. Trong cuốn &ldquo;Những l&agrave;ng nghề thủ c&ocirc;ng truyền thống ở Tp. Hồ Ch&iacute; Minh&rdquo;, &ocirc;ng Trần Văn S&ocirc; được coi l&agrave; người đ&atilde; khai sinh ra l&agrave;ng nghề l&agrave;m đ&agrave;n truyền thống của Tp.HCM. &Ocirc;ng S&ocirc; sinh năm 1928 ở Nam Định, sau di cư v&agrave;o S&agrave;i G&ograve;n l&agrave;m nghề mộc ở khu vực T&ocirc;n Đản, quận 4. Khoảng năm 1950, &ocirc;ng chuyển hẳn sang nghề chế tạo đ&agrave;n guitar, đ&agrave;o tạo nhiều thợ l&agrave;m đ&agrave;n l&agrave;nh nghề n&ecirc;n trở th&agrave;nh l&agrave;ng nghề. Guitar Ba Đờn cung cấp th&ocirc;ng tin Đ&agrave;n guitar acoustic H&agrave; Nội ở quận T&acirc;n Ph&uacute;, TPHCM<br /><strong>Đ&agrave;n ukulele gi&aacute; rẻ</strong>:&nbsp;Bạn muốn mua một c&acirc;y đ&agrave;n guitar nhỏ gọn xinh xắn, lựa chọn ho&agrave;n hảo nhất l&agrave; những c&acirc;y đ&agrave;n ukulele. Những c&acirc;y đ&agrave;n ukulele c&oacute; k&iacute;ch thước nhỏ gọn, xinh xắn đồng thời đ&agrave;n ukulele gi&aacute; rẻ, ph&ugrave; hợp với t&uacute;i tiền của đa phần sinh vi&ecirc;n. Đừng tin hết v&agrave;o lời người b&aacute;n n&oacute;i, nhưng cũng đừng b&aacute;c bỏ ho&agrave;n to&agrave;n, cứ nghe xem họ n&oacute;i g&igrave; để m&agrave; nắm bắt. Đừng vội v&agrave;ng hấp tấp, kh&ocirc;ng phải nổi xung th&iacute;ch l&ecirc;n th&igrave; mua liền, m&agrave; c&oacute; thể ra đi dạo l&ograve;ng v&ograve;ng chọn, rồi về nh&agrave; research v&agrave; suy nghĩ th&ecirc;m. Guitar Ba Đờn b&aacute;n Đ&agrave;n ukulele gi&aacute; rẻ ở quận Thủ Đức, TPHCM<br /><br /></div>\r\n<p><img title=\"Đ&agrave;n classic,Đ&agrave;n Guitar Acoustic VE-85 - Guitar classic Ba Đờn\" src=\"http://guitarbadon.vn/Image/ImageLibrary/dan-guitar-acoustic-ve-85-mau-sac-da-dang.jpg\" /><br />C&aacute;c g&oacute;c ảnh của Đ&agrave;n Guitar Acoustic VE-85 - Mời xem th&ecirc;m Dạy đ&agrave;n guitar giỏi tr&ecirc;n website&nbsp;<a href=\"http://guitarbadon.vn/\">www.GuitarBaDon.Vn</a><br /><br /><img title=\"Đ&agrave;n classic,Đ&agrave;n Guitar Acoustic VE-85 - Guitar classic Ba Đờn\" src=\"http://guitarbadon.vn/Image/ImageLibrary/dan-guitar-acoustic-ve-85-mau-sac-da-dang-goc-1.jpg\" /><br />C&aacute;c g&oacute;c ảnh của Đ&agrave;n Guitar Acoustic VE-85 - Mời xem th&ecirc;m Đ&agrave;n guitar m&agrave;u t&iacute;m tr&ecirc;n website&nbsp;<a href=\"http://guitarbadon.vn/\">www.GuitarBaDon.Vn</a></p>',1500000,35,NULL,2500000,'2020-01-07 01:55:46',43,NULL,NULL,100000,NULL,NULL,NULL),(2174,'aaaasdsssssssssssssssssssss','asdsdasd','7/1/2020\n\n<p>asdasdasdasdasd</p>',234,5,3,1234123123,'2020-01-07 02:40:37',43,NULL,'Y',23,NULL,NULL,NULL),(2175,'Guitar Taylor','aaaaaaaaa','7/1/2020\n\n<div><strong>Chất liệu gỗ của Đ&agrave;n guitar classic</strong>: được l&agrave;m bằng gỗ điệp, được l&agrave;m từ gỗ hồng đ&agrave;o; guitar gỗ cẩm lai, gỗ th&ocirc;ng tự nhi&ecirc;n, guitar gỗ bằng lăng, gỗ koa, gỗ lim, gỗ maple, gỗ c&ograve;ng coong, v&aacute;n &eacute;p, gỗ sitka cedar,...<br /><strong>Gi&aacute; đ&agrave;n guitar classic</strong>: c&oacute; loại trung b&igrave;nh rẻ từ (800,000đ) đến cao cấp (25,000,00đ)<br /><strong>Guitar Ba Đờn</strong>&nbsp;l&agrave; thương hiệu uy t&iacute;n h&agrave;ng đầu do sản phẩm đ&agrave;n guitar được sản xuất tận xưởng đ&agrave;n danh tiếng l&acirc;u đời. H&agrave;ng tận xưởng n&ecirc;n b&aacute;n gi&aacute; gốc, gi&aacute; tốt nhất thị trường. Ba đờn l&agrave; xưởng cơ sở nơi sản xuất đ&agrave;n trực tiếp theo nghề thủ c&ocirc;ng truyền thống đ&atilde; nổi tiếng l&acirc;u đời. Đồng thời, Ba Đờn cũng c&oacute; showroom &nbsp;(shop cửa h&agrave;ng tiệm&nbsp;) chuy&ecirc;n mua b&aacute;n kinh doanh v&agrave; ph&acirc;n phối đ&agrave;n guitar, nhạc cụ đờn gi&aacute; sỉ v&agrave; lẻ trong to&agrave;n quốc.</div>\r\n<p><img title=\"Đ&agrave;n classic,Đ&agrave;n Guitar Classic C-600-J - Guitar classic Ba Đờn\" src=\"http://guitarbadon.vn/Image/ImageLibrary/dan-guitar-classic-c-600-j-mat-truoc-1.jpg\" /><br />C&aacute;c g&oacute;c ảnh của Đ&agrave;n Guitar Classic C-600-J - Mời xem th&ecirc;m tr&ecirc;n website&nbsp;<a href=\"http://guitarbadon.vn/\">www.GuitarBaDon.Vn</a><br /><br /><img title=\"Đ&agrave;n classic,Đ&agrave;n Guitar Classic C-600-J - Guitar classic Ba Đờn\" src=\"http://guitarbadon.vn/Image/ImageLibrary/dan-guitar-classic-c-600-j-goc-nghieng-phai.jpg\" /><br />C&aacute;c g&oacute;c ảnh của Đ&agrave;n Guitar Classic C-600-J - Mời xem th&ecirc;m tr&ecirc;n website&nbsp;<a href=\"http://guitarbadon.vn/\">www.GuitarBaDon.Vn</a><br /><br /><img title=\"Đ&agrave;n classic,Đ&agrave;n Guitar Classic C-600-J - Guitar classic Ba Đờn\" src=\"http://guitarbadon.vn/Image/ImageLibrary/dan-guitar-classic-c-600-j-mat-truoc-sau.jpg\" /><br />C&aacute;c g&oacute;c ảnh của Đ&agrave;n Guitar Classic C-600-J - Mời xem th&ecirc;m tr&ecirc;n website&nbsp;<a href=\"http://guitarbadon.vn/\">www.GuitarBaDon.Vn</a><br /><br /></p>\r\n<div>&nbsp;</div>\r\n<p><img title=\"Đ&agrave;n classic,Đ&agrave;n Guitar Classic C-600-J - Guitar classic Ba Đờn\" src=\"http://guitarbadon.vn/Image/ImageLibrary/dan-guitar-classic-c-600-j-goc-nghieng-trai.jpg\" /><br />C&aacute;c g&oacute;c ảnh của Đ&agrave;n Guitar Classic C-600-J - Mời xem th&ecirc;m tr&ecirc;n website&nbsp;<a href=\"http://guitarbadon.vn/\">www.GuitarBaDon.Vn</a><br /><br /><img title=\"Đ&agrave;n classic,Đ&agrave;n Guitar Classic C-600-J - Guitar classic Ba Đờn\" src=\"http://guitarbadon.vn/Image/ImageLibrary/dan-guitar-classic-c-600-j-mat-truoc-2.jpg\" /><br />C&aacute;c g&oacute;c ảnh của Đ&agrave;n Guitar Classic C-600-J - Mời xem th&ecirc;m tr&ecirc;n website&nbsp;<a href=\"http://guitarbadon.vn/\">www.GuitarBaDon.Vn</a><br /><br /></p>\r\n<div>&nbsp;</div>\r\n<p><img title=\"Đ&agrave;n classic,Đ&agrave;n Guitar Classic C-600-J - Guitar classic Ba Đờn\" src=\"http://guitarbadon.vn/Image/ImageLibrary/dan-guitar-classic-c-600-j-mat-sau-1.jpg\" /><br />C&aacute;c g&oacute;c ảnh của Đ&agrave;n Guitar Classic C-600-J - Mời xem th&ecirc;m tr&ecirc;n website&nbsp;<a href=\"http://guitarbadon.vn/\">www.GuitarBaDon.Vn</a><br /><br /><img title=\"Đ&agrave;n classic,Đ&agrave;n Guitar Classic C-600-J - Guitar classic Ba Đờn\" src=\"http://guitarbadon.vn/Image/ImageLibrary/dan-guitar-classic-c-600-j-mat-truoc-3.jpg\" /><br />C&aacute;c g&oacute;c ảnh của Đ&agrave;n Guitar Classic C-600-J - Mời xem th&ecirc;m tr&ecirc;n website&nbsp;<a href=\"http://guitarbadon.vn/\">www.GuitarBaDon.Vn</a></p>',4100000,2,3,5000000,'2020-01-07 02:51:30',43,42,'Y',100000,1,'bidder1',NULL);
/*!40000 ALTER TABLE `products` ENABLE KEYS */;
UNLOCK TABLES;
/*!50003 SET @saved_cs_client      = @@character_set_client */ ;
/*!50003 SET @saved_cs_results     = @@character_set_results */ ;
/*!50003 SET @saved_col_connection = @@collation_connection */ ;
/*!50003 SET character_set_client  = utf8mb4 */ ;
/*!50003 SET character_set_results = utf8mb4 */ ;
/*!50003 SET collation_connection  = utf8mb4_0900_ai_ci */ ;
/*!50003 SET @saved_sql_mode       = @@sql_mode */ ;
/*!50003 SET sql_mode              = 'STRICT_TRANS_TABLES,NO_ENGINE_SUBSTITUTION' */ ;
DELIMITER ;;
/*!50003 CREATE*/ /*!50017 DEFINER=`root`@`localhost`*/ /*!50003 TRIGGER `products_AFTER_INSERT` AFTER INSERT ON `products` FOR EACH ROW BEGIN
insert into endtime (ProID,endtime) values (NEW.ProID,DATE_ADD(CURRENT_TIMESTAMP, INTERVAL 5760 MINUTE));
END */;;
DELIMITER ;
/*!50003 SET sql_mode              = @saved_sql_mode */ ;
/*!50003 SET character_set_client  = @saved_cs_client */ ;
/*!50003 SET character_set_results = @saved_cs_results */ ;
/*!50003 SET collation_connection  = @saved_col_connection */ ;

--
-- Table structure for table `request`
--

DROP TABLE IF EXISTS `request`;
/*!40101 SET @saved_cs_client     = @@character_set_client */;
/*!50503 SET character_set_client = utf8mb4 */;
CREATE TABLE `request` (
  `rqID` int(11) NOT NULL AUTO_INCREMENT,
  `UserID` int(11) DEFAULT NULL,
  `Mess` varchar(35) DEFAULT NULL,
  PRIMARY KEY (`rqID`)
) ENGINE=InnoDB AUTO_INCREMENT=30 DEFAULT CHARSET=utf8mb4 COLLATE=utf8mb4_0900_ai_ci;
/*!40101 SET character_set_client = @saved_cs_client */;

--
-- Dumping data for table `request`
--

LOCK TABLES `request` WRITE;
/*!40000 ALTER TABLE `request` DISABLE KEYS */;
/*!40000 ALTER TABLE `request` ENABLE KEYS */;
UNLOCK TABLES;

--
-- Table structure for table `user`
--

DROP TABLE IF EXISTS `user`;
/*!40101 SET @saved_cs_client     = @@character_set_client */;
/*!50503 SET character_set_client = utf8mb4 */;
CREATE TABLE `user` (
  `f_ID` int(11) NOT NULL AUTO_INCREMENT,
  `f_UserName` varchar(30) DEFAULT NULL,
  `f_Email` varchar(45) DEFAULT NULL,
  `f_Password` longtext,
  `f_Name` varchar(45) DEFAULT NULL,
  `f_DOB` varchar(45) DEFAULT NULL,
  `f_Type` varchar(10) DEFAULT 'bidder',
  `f_CreatedTime` datetime DEFAULT CURRENT_TIMESTAMP,
  `f_LikePoint` tinyint(4) DEFAULT NULL,
  `f_DislikePoint` tinyint(4) DEFAULT NULL,
  `f_isSeller` varchar(45) DEFAULT NULL,
  PRIMARY KEY (`f_ID`)
) ENGINE=InnoDB AUTO_INCREMENT=47 DEFAULT CHARSET=utf8mb4 COLLATE=utf8mb4_0900_ai_ci;
/*!40101 SET character_set_client = @saved_cs_client */;

--
-- Dumping data for table `user`
--

LOCK TABLES `user` WRITE;
/*!40000 ALTER TABLE `user` DISABLE KEYS */;
INSERT INTO `user` VALUES (41,'admin','admin@gmail.com','$2a$10$L7Y.FtrT4P9fW.NmdusJWu/zMqEFjF2bADcEe.8d/XMt0l21k5HrK','Admin','2018-09-05','admin','2020-01-07 03:01:00',NULL,NULL,NULL),(42,'bidder1','h5754548@gmail.com','$2a$10$vClAvhk4Aj4DMZJi6vEMweO1hJCJQ3MywBzQE.xdgVKkMhgvNQzUK','bidder 1','2017-05-11','bidder','2020-01-07 03:03:13',1,0,NULL),(43,'seller1','trantranbich1999@gmail.com','$2a$10$lTftqc9i6wU1aQfKYrUt7OP9LIR6b/Fn/5XMWfLravjEe4Zu975su','seller 1','2019-04-11','seller','2020-01-07 03:03:51',1,0,'1'),(44,'bidder2','bidder2@gmail.com','$2a$10$nmA7E96CF.Tf.wX0wVPjee4C2qJJZ6PYo8REVDg/jiHmfHhwURP6C','bidder 2','2017-08-09','bidder','2020-01-07 03:41:56',NULL,NULL,NULL),(45,'bidder3','bidder3@gmail.com','$2a$10$OsZxqCe1diwFu/40jpnB8utG4RZiEzD/HOqrqZas4n5Tzzz69HLIu','bidder 3','2019-02-05','bidder','2020-01-07 05:01:08',1,0,NULL),(46,'seller2','lelongho1111998@gmail.com','$2a$10$O1QtwDXxTnVrLKhe1skt1u.TVFDt1Xa2JcUQ46pyqkXKwMMJujGyW','seller 2','2019-09-07','seller','2020-01-07 07:14:30',NULL,NULL,'1');
/*!40000 ALTER TABLE `user` ENABLE KEYS */;
UNLOCK TABLES;
/*!50003 SET @saved_cs_client      = @@character_set_client */ ;
/*!50003 SET @saved_cs_results     = @@character_set_results */ ;
/*!50003 SET @saved_col_connection = @@collation_connection */ ;
/*!50003 SET character_set_client  = utf8mb4 */ ;
/*!50003 SET character_set_results = utf8mb4 */ ;
/*!50003 SET collation_connection  = utf8mb4_0900_ai_ci */ ;
/*!50003 SET @saved_sql_mode       = @@sql_mode */ ;
/*!50003 SET sql_mode              = 'STRICT_TRANS_TABLES,NO_ENGINE_SUBSTITUTION' */ ;
DELIMITER ;;
/*!50003 CREATE*/ /*!50017 DEFINER=`root`@`localhost`*/ /*!50003 TRIGGER `updatePoint` AFTER INSERT ON `user` FOR EACH ROW INSERT INTO userpoint (userid,LikePoint, DislikePoint) VALUES (NEW.F_ID,0, 0) */;;
DELIMITER ;
/*!50003 SET sql_mode              = @saved_sql_mode */ ;
/*!50003 SET character_set_client  = @saved_cs_client */ ;
/*!50003 SET character_set_results = @saved_cs_results */ ;
/*!50003 SET collation_connection  = @saved_col_connection */ ;
/*!50003 SET @saved_cs_client      = @@character_set_client */ ;
/*!50003 SET @saved_cs_results     = @@character_set_results */ ;
/*!50003 SET @saved_col_connection = @@collation_connection */ ;
/*!50003 SET character_set_client  = utf8mb4 */ ;
/*!50003 SET character_set_results = utf8mb4 */ ;
/*!50003 SET collation_connection  = utf8mb4_0900_ai_ci */ ;
/*!50003 SET @saved_sql_mode       = @@sql_mode */ ;
/*!50003 SET sql_mode              = 'STRICT_TRANS_TABLES,NO_ENGINE_SUBSTITUTION' */ ;
DELIMITER ;;
/*!50003 CREATE*/ /*!50017 DEFINER=`root`@`localhost`*/ /*!50003 TRIGGER `user_AFTER_UPDATE_updatepoint` AFTER UPDATE ON `user` FOR EACH ROW UPDATE userpoint SET DislikePoint = DislikePoint+1 WHERE (userID = NEW.f_ID and NEW.f_DislikePoint=1) */;;
DELIMITER ;
/*!50003 SET sql_mode              = @saved_sql_mode */ ;
/*!50003 SET character_set_client  = @saved_cs_client */ ;
/*!50003 SET character_set_results = @saved_cs_results */ ;
/*!50003 SET collation_connection  = @saved_col_connection */ ;
/*!50003 SET @saved_cs_client      = @@character_set_client */ ;
/*!50003 SET @saved_cs_results     = @@character_set_results */ ;
/*!50003 SET @saved_col_connection = @@collation_connection */ ;
/*!50003 SET character_set_client  = utf8mb4 */ ;
/*!50003 SET character_set_results = utf8mb4 */ ;
/*!50003 SET collation_connection  = utf8mb4_0900_ai_ci */ ;
/*!50003 SET @saved_sql_mode       = @@sql_mode */ ;
/*!50003 SET sql_mode              = 'STRICT_TRANS_TABLES,NO_ENGINE_SUBSTITUTION' */ ;
DELIMITER ;;
/*!50003 CREATE*/ /*!50017 DEFINER=`root`@`localhost`*/ /*!50003 TRIGGER `user_AFTER_UPDATE_updatepoint2` AFTER UPDATE ON `user` FOR EACH ROW UPDATE userpoint SET LikePoint = LikePoint+1 WHERE (userID = NEW.f_ID and NEW.f_LikePoint=1) */;;
DELIMITER ;
/*!50003 SET sql_mode              = @saved_sql_mode */ ;
/*!50003 SET character_set_client  = @saved_cs_client */ ;
/*!50003 SET character_set_results = @saved_cs_results */ ;
/*!50003 SET collation_connection  = @saved_col_connection */ ;

--
-- Table structure for table `userpoint`
--

DROP TABLE IF EXISTS `userpoint`;
/*!40101 SET @saved_cs_client     = @@character_set_client */;
/*!50503 SET character_set_client = utf8mb4 */;
CREATE TABLE `userpoint` (
  `UserID` int(11) NOT NULL AUTO_INCREMENT,
  `LikePoint` int(15) DEFAULT NULL,
  `DislikePoint` int(15) DEFAULT NULL,
  PRIMARY KEY (`UserID`)
) ENGINE=InnoDB AUTO_INCREMENT=47 DEFAULT CHARSET=utf8mb4 COLLATE=utf8mb4_0900_ai_ci;
/*!40101 SET character_set_client = @saved_cs_client */;

--
-- Dumping data for table `userpoint`
--

LOCK TABLES `userpoint` WRITE;
/*!40000 ALTER TABLE `userpoint` DISABLE KEYS */;
INSERT INTO `userpoint` VALUES (40,0,0),(41,0,0),(42,1,0),(43,4,1),(44,0,0),(45,1,0),(46,0,0);
/*!40000 ALTER TABLE `userpoint` ENABLE KEYS */;
UNLOCK TABLES;

--
-- Table structure for table `wishlist`
--

DROP TABLE IF EXISTS `wishlist`;
/*!40101 SET @saved_cs_client     = @@character_set_client */;
/*!50503 SET character_set_client = utf8mb4 */;
CREATE TABLE `wishlist` (
  `ID` int(11) NOT NULL AUTO_INCREMENT,
  `UserID` int(11) DEFAULT NULL,
  `ProID` varchar(35) DEFAULT NULL,
  PRIMARY KEY (`ID`)
) ENGINE=InnoDB AUTO_INCREMENT=33 DEFAULT CHARSET=utf8mb4 COLLATE=utf8mb4_0900_ai_ci;
/*!40101 SET character_set_client = @saved_cs_client */;

--
-- Dumping data for table `wishlist`
--

LOCK TABLES `wishlist` WRITE;
/*!40000 ALTER TABLE `wishlist` DISABLE KEYS */;
INSERT INTO `wishlist` VALUES (27,42,'2158'),(28,43,'2158'),(29,42,'2159'),(30,42,'2164'),(31,43,'2164'),(32,44,'2168');
/*!40000 ALTER TABLE `wishlist` ENABLE KEYS */;
UNLOCK TABLES;

--
-- Dumping events for database 'online_aucdb'
--

--
-- Dumping routines for database 'online_aucdb'
--
/*!40103 SET TIME_ZONE=@OLD_TIME_ZONE */;

/*!40101 SET SQL_MODE=@OLD_SQL_MODE */;
/*!40014 SET FOREIGN_KEY_CHECKS=@OLD_FOREIGN_KEY_CHECKS */;
/*!40014 SET UNIQUE_CHECKS=@OLD_UNIQUE_CHECKS */;
/*!40101 SET CHARACTER_SET_CLIENT=@OLD_CHARACTER_SET_CLIENT */;
/*!40101 SET CHARACTER_SET_RESULTS=@OLD_CHARACTER_SET_RESULTS */;
/*!40101 SET COLLATION_CONNECTION=@OLD_COLLATION_CONNECTION */;
/*!40111 SET SQL_NOTES=@OLD_SQL_NOTES */;

-- Dump completed on 2020-01-10  0:34:16
